slot_path,box_count
/scene/zones/Zone_A/racks_0/rack_01/bay_0/level_0/slot_01,3
/scene/zones/Zone_A/racks_0/rack_01/bay_0/level_0/slot_02,3
/scene/zones/Zone_A/racks_0/rack_01/bay_0/level_0/slot_03,4
/scene/zones/Zone_A/racks_0/rack_01/bay_0/level_1/slot_01,5
/scene/zones/Zone_A/racks_0/rack_01/bay_0/level_1/slot_02,5
/scene/zones/Zone_A/racks_0/rack_01/bay_0/level_1/slot_03,6
/scene/zones/Zone_A/racks_0/rack_01/bay_0/level_2/slot_01,5
/scene/zones/Zone_A/racks_0/rack_01/bay_0/level_2/slot_02,4
/scene/zones/Zone_A/racks_0/rack_01/bay_0/level_2/slot_03,6
/scene/zones/Zone_A/racks_0/rack_01/bay_0/level_3/slot_01,5
/scene/zones/Zone_A/racks_0/rack_01/bay_0/level_3/slot_02,4
/scene/zones/Zone_A/racks_0/rack_01/bay_0/level_3/slot_03,5
/scene/zones/Zone_A/racks_0/rack_01/bay_0/level_4/slot_01,5
/scene/zones/Zone_A/racks_0/rack_01/bay_0/level_4/slot_02,4
/scene/zones/Zone_A/racks_0/rack_01/bay_0/level_4/slot_03,6
/scene/zones/Zone_A/racks_0/rack_01/bay_0/level_5/slot_01,6
/scene/zones/Zone_A/racks_0/rack_01/bay_0/level_5/slot_02,6
/scene/zones/Zone_A/racks_0/rack_01/bay_0/level_5/slot_03,5
/scene/zones/Zone_A/racks_0/rack_02/bay_0/level_0/slot_01,3
/scene/zones/Zone_A/racks_0/rack_02/bay_0/level_0/slot_02,3
/scene/zones/Zone_A/racks_0/rack_02/bay_0/level_0/slot_03,2
/scene/zones/Zone_A/racks_0/rack_02/bay_0/level_1/slot_01,5
/scene/zones/Zone_A/racks_0/rack_02/bay_0/level_1/slot_02,6
/scene/zones/Zone_A/racks_0/rack_02/bay_0/level_1/slot_03,5
/scene/zones/Zone_A/racks_0/rack_02/bay_0/level_2/slot_01,4
/scene/zones/Zone_A/racks_0/rack_02/bay_0/level_2/slot_02,5
/scene/zones/Zone_A/racks_0/rack_02/bay_0/level_2/slot_03,6
/scene/zones/Zone_A/racks_0/rack_02/bay_0/level_3/slot_01,6
/scene/zones/Zone_A/racks_0/rack_02/bay_0/level_3/slot_02,4
/scene/zones/Zone_A/racks_0/rack_02/bay_0/level_3/slot_03,6
/scene/zones/Zone_A/racks_0/rack_02/bay_0/level_4/slot_01,5
/scene/zones/Zone_A/racks_0/rack_02/bay_0/level_4/slot_02,6
/scene/zones/Zone_A/racks_0/rack_02/bay_0/level_4/slot_03,6
/scene/zones/Zone_A/racks_0/rack_02/bay_0/level_5/slot_01,5
/scene/zones/Zone_A/racks_0/rack_02/bay_0/level_5/slot_02,5
/scene/zones/Zone_A/racks_0/rack_02/bay_0/level_5/slot_03,5
/scene/zones/Zone_A/racks_0/rack_01/bay_0/level_0/slot_01,3
/scene/zones/Zone_A/racks_0/rack_01/bay_0/level_0/slot_02,4
/scene/zones/Zone_A/racks_0/rack_01/bay_0/level_0/slot_03,2
/scene/zones/Zone_A/racks_0/rack_01/bay_0/level_1/slot_01,5
/scene/zones/Zone_A/racks_0/rack_01/bay_0/level_1/slot_02,6
/scene/zones/Zone_A/racks_0/rack_01/bay_0/level_1/slot_03,4
/scene/zones/Zone_A/racks_0/rack_01/bay_0/level_2/slot_01,4
/scene/zones/Zone_A/racks_0/rack_01/bay_0/level_2/slot_02,5
/scene/zones/Zone_A/racks_0/rack_01/bay_0/level_2/slot_03,4
/scene/zones/Zone_A/racks_0/rack_01/bay_0/level_3/slot_01,4
/scene/zones/Zone_A/racks_0/rack_01/bay_0/level_3/slot_02,6
/scene/zones/Zone_A/racks_0/rack_01/bay_0/level_3/slot_03,5
/scene/zones/Zone_A/racks_0/rack_01/bay_0/level_4/slot_01,6
/scene/zones/Zone_A/racks_0/rack_01/bay_0/level_4/slot_02,5
/scene/zones/Zone_A/racks_0/rack_01/bay_0/level_4/slot_03,5
/scene/zones/Zone_A/racks_0/rack_01/bay_0/level_5/slot_01,5
/scene/zones/Zone_A/racks_0/rack_01/bay_0/level_5/slot_02,5
/scene/zones/Zone_A/racks_0/rack_01/bay_0/level_5/slot_03,6
/scene/zones/Zone_A/racks_0/rack_01/bay_1/level_0/slot_01,2
/scene/zones/Zone_A/racks_0/rack_01/bay_1/level_0/slot_02,3
/scene/zones/Zone_A/racks_0/rack_01/bay_1/level_0/slot_03,4
/scene/zones/Zone_A/racks_0/rack_01/bay_1/level_1/slot_01,5
/scene/zones/Zone_A/racks_0/rack_01/bay_1/level_1/slot_02,5
/scene/zones/Zone_A/racks_0/rack_01/bay_1/level_1/slot_03,6
/scene/zones/Zone_A/racks_0/rack_01/bay_1/level_2/slot_01,5
/scene/zones/Zone_A/racks_0/rack_01/bay_1/level_2/slot_02,4
/scene/zones/Zone_A/racks_0/rack_01/bay_1/level_2/slot_03,4
/scene/zones/Zone_A/racks_0/rack_01/bay_1/level_3/slot_01,6
/scene/zones/Zone_A/racks_0/rack_01/bay_1/level_3/slot_02,6
/scene/zones/Zone_A/racks_0/rack_01/bay_1/level_3/slot_03,5
/scene/zones/Zone_A/racks_0/rack_01/bay_1/level_4/slot_01,5
/scene/zones/Zone_A/racks_0/rack_01/bay_1/level_4/slot_02,6
/scene/zones/Zone_A/racks_0/rack_01/bay_1/level_4/slot_03,5
/scene/zones/Zone_A/racks_0/rack_01/bay_1/level_5/slot_01,5
/scene/zones/Zone_A/racks_0/rack_01/bay_1/level_5/slot_02,5
/scene/zones/Zone_A/racks_0/rack_01/bay_1/level_5/slot_03,5
/scene/zones/Zone_A/racks_0/rack_01/bay_2/level_0/slot_01,3
/scene/zones/Zone_A/racks_0/rack_01/bay_2/level_0/slot_02,2
/scene/zones/Zone_A/racks_0/rack_01/bay_2/level_0/slot_03,2
/scene/zones/Zone_A/racks_0/rack_01/bay_2/level_1/slot_01,5
/scene/zones/Zone_A/racks_0/rack_01/bay_2/level_1/slot_02,5
/scene/zones/Zone_A/racks_0/rack_01/bay_2/level_1/slot_03,5
/scene/zones/Zone_A/racks_0/rack_01/bay_2/level_2/slot_01,6
/scene/zones/Zone_A/racks_0/rack_01/bay_2/level_2/slot_02,4
/scene/zones/Zone_A/racks_0/rack_01/bay_2/level_2/slot_03,5
/scene/zones/Zone_A/racks_0/rack_01/bay_2/level_3/slot_01,6
/scene/zones/Zone_A/racks_0/rack_01/bay_2/level_3/slot_02,4
/scene/zones/Zone_A/racks_0/rack_01/bay_2/level_3/slot_03,5
/scene/zones/Zone_A/racks_0/rack_01/bay_2/level_4/slot_01,5
/scene/zones/Zone_A/racks_0/rack_01/bay_2/level_4/slot_02,6
/scene/zones/Zone_A/racks_0/rack_01/bay_2/level_4/slot_03,5
/scene/zones/Zone_A/racks_0/rack_01/bay_2/level_5/slot_01,4
/scene/zones/Zone_A/racks_0/rack_01/bay_2/level_5/slot_02,4
/scene/zones/Zone_A/racks_0/rack_01/bay_2/level_5/slot_03,4
/scene/zones/Zone_A/racks_0/rack_01/bay_3/level_0/slot_01,4
/scene/zones/Zone_A/racks_0/rack_01/bay_3/level_0/slot_02,3
/scene/zones/Zone_A/racks_0/rack_01/bay_3/level_0/slot_03,2
/scene/zones/Zone_A/racks_0/rack_01/bay_3/level_1/slot_01,5
/scene/zones/Zone_A/racks_0/rack_01/bay_3/level_1/slot_02,5
/scene/zones/Zone_A/racks_0/rack_01/bay_3/level_1/slot_03,5
/scene/zones/Zone_A/racks_0/rack_01/bay_3/level_2/slot_01,6
/scene/zones/Zone_A/racks_0/rack_01/bay_3/level_2/slot_02,4
/scene/zones/Zone_A/racks_0/rack_01/bay_3/level_2/slot_03,4
/scene/zones/Zone_A/racks_0/rack_01/bay_3/level_3/slot_01,5
/scene/zones/Zone_A/racks_0/rack_01/bay_3/level_3/slot_02,4
/scene/zones/Zone_A/racks_0/rack_01/bay_3/level_3/slot_03,5
/scene/zones/Zone_A/racks_0/rack_01/bay_3/level_4/slot_01,6
/scene/zones/Zone_A/racks_0/rack_01/bay_3/level_4/slot_02,4
/scene/zones/Zone_A/racks_0/rack_01/bay_3/level_4/slot_03,4
/scene/zones/Zone_A/racks_0/rack_01/bay_3/level_5/slot_01,6
/scene/zones/Zone_A/racks_0/rack_01/bay_3/level_5/slot_02,6
/scene/zones/Zone_A/racks_0/rack_01/bay_3/level_5/slot_03,5
/scene/zones/Zone_A/racks_0/rack_02/bay_0/level_0/slot_01,3
/scene/zones/Zone_A/racks_0/rack_02/bay_0/level_0/slot_02,3
/scene/zones/Zone_A/racks_0/rack_02/bay_0/level_0/slot_03,3
/scene/zones/Zone_A/racks_0/rack_02/bay_0/level_1/slot_01,4
/scene/zones/Zone_A/racks_0/rack_02/bay_0/level_1/slot_02,5
/scene/zones/Zone_A/racks_0/rack_02/bay_0/level_1/slot_03,5
/scene/zones/Zone_A/racks_0/rack_02/bay_0/level_2/slot_01,4
/scene/zones/Zone_A/racks_0/rack_02/bay_0/level_2/slot_02,4
/scene/zones/Zone_A/racks_0/rack_02/bay_0/level_2/slot_03,4
/scene/zones/Zone_A/racks_0/rack_02/bay_0/level_3/slot_01,6
/scene/zones/Zone_A/racks_0/rack_02/bay_0/level_3/slot_02,5
/scene/zones/Zone_A/racks_0/rack_02/bay_0/level_3/slot_03,5
/scene/zones/Zone_A/racks_0/rack_02/bay_0/level_4/slot_01,6
/scene/zones/Zone_A/racks_0/rack_02/bay_0/level_4/slot_02,5
/scene/zones/Zone_A/racks_0/rack_02/bay_0/level_4/slot_03,5
/scene/zones/Zone_A/racks_0/rack_02/bay_0/level_5/slot_01,5
/scene/zones/Zone_A/racks_0/rack_02/bay_0/level_5/slot_02,4
/scene/zones/Zone_A/racks_0/rack_02/bay_0/level_5/slot_03,6
/scene/zones/Zone_A/racks_0/rack_02/bay_1/level_0/slot_01,3
/scene/zones/Zone_A/racks_0/rack_02/bay_1/level_0/slot_02,3
/scene/zones/Zone_A/racks_0/rack_02/bay_1/level_0/slot_03,4
/scene/zones/Zone_A/racks_0/rack_02/bay_1/level_1/slot_01,5
/scene/zones/Zone_A/racks_0/rack_02/bay_1/level_1/slot_02,5
/scene/zones/Zone_A/racks_0/rack_02/bay_1/level_1/slot_03,6
/scene/zones/Zone_A/racks_0/rack_02/bay_1/level_2/slot_01,5
/scene/zones/Zone_A/racks_0/rack_02/bay_1/level_2/slot_02,5
/scene/zones/Zone_A/racks_0/rack_02/bay_1/level_2/slot_03,5
/scene/zones/Zone_A/racks_0/rack_02/bay_1/level_3/slot_01,4
/scene/zones/Zone_A/racks_0/rack_02/bay_1/level_3/slot_02,4
/scene/zones/Zone_A/racks_0/rack_02/bay_1/level_3/slot_03,4
/scene/zones/Zone_A/racks_0/rack_02/bay_1/level_4/slot_01,4
/scene/zones/Zone_A/racks_0/rack_02/bay_1/level_4/slot_02,5
/scene/zones/Zone_A/racks_0/rack_02/bay_1/level_4/slot_03,6
/scene/zones/Zone_A/racks_0/rack_02/bay_1/level_5/slot_01,5
/scene/zones/Zone_A/racks_0/rack_02/bay_1/level_5/slot_02,5
/scene/zones/Zone_A/racks_0/rack_02/bay_1/level_5/slot_03,5
/scene/zones/Zone_A/racks_0/rack_02/bay_2/level_0/slot_01,3
/scene/zones/Zone_A/racks_0/rack_02/bay_2/level_0/slot_02,2
/scene/zones/Zone_A/racks_0/rack_02/bay_2/level_0/slot_03,3
/scene/zones/Zone_A/racks_0/rack_02/bay_2/level_1/slot_01,5
/scene/zones/Zone_A/racks_0/rack_02/bay_2/level_1/slot_02,6
/scene/zones/Zone_A/racks_0/rack_02/bay_2/level_1/slot_03,6
/scene/zones/Zone_A/racks_0/rack_02/bay_2/level_2/slot_01,6
/scene/zones/Zone_A/racks_0/rack_02/bay_2/level_2/slot_02,6
/scene/zones/Zone_A/racks_0/rack_02/bay_2/level_2/slot_03,5
/scene/zones/Zone_A/racks_0/rack_02/bay_2/level_3/slot_01,5
/scene/zones/Zone_A/racks_0/rack_02/bay_2/level_3/slot_02,4
/scene/zones/Zone_A/racks_0/rack_02/bay_2/level_3/slot_03,5
/scene/zones/Zone_A/racks_0/rack_02/bay_2/level_4/slot_01,5
/scene/zones/Zone_A/racks_0/rack_02/bay_2/level_4/slot_02,5
/scene/zones/Zone_A/racks_0/rack_02/bay_2/level_4/slot_03,4
/scene/zones/Zone_A/racks_0/rack_02/bay_2/level_5/slot_01,5
/scene/zones/Zone_A/racks_0/rack_02/bay_2/level_5/slot_02,4
/scene/zones/Zone_A/racks_0/rack_02/bay_2/level_5/slot_03,5
/scene/zones/Zone_A/racks_0/rack_02/bay_3/level_0/slot_01,3
/scene/zones/Zone_A/racks_0/rack_02/bay_3/level_0/slot_02,3
/scene/zones/Zone_A/racks_0/rack_02/bay_3/level_0/slot_03,2
/scene/zones/Zone_A/racks_0/rack_02/bay_3/level_1/slot_01,5
/scene/zones/Zone_A/racks_0/rack_02/bay_3/level_1/slot_02,4
/scene/zones/Zone_A/racks_0/rack_02/bay_3/level_1/slot_03,6
/scene/zones/Zone_A/racks_0/rack_02/bay_3/level_2/slot_01,6
/scene/zones/Zone_A/racks_0/rack_02/bay_3/level_2/slot_02,5
/scene/zones/Zone_A/racks_0/rack_02/bay_3/level_2/slot_03,5
/scene/zones/Zone_A/racks_0/rack_02/bay_3/level_3/slot_01,5
/scene/zones/Zone_A/racks_0/rack_02/bay_3/level_3/slot_02,5
/scene/zones/Zone_A/racks_0/rack_02/bay_3/level_3/slot_03,5
/scene/zones/Zone_A/racks_0/rack_02/bay_3/level_4/slot_01,4
/scene/zones/Zone_A/racks_0/rack_02/bay_3/level_4/slot_02,6
/scene/zones/Zone_A/racks_0/rack_02/bay_3/level_4/slot_03,6
/scene/zones/Zone_A/racks_0/rack_02/bay_3/level_5/slot_01,5
/scene/zones/Zone_A/racks_0/rack_02/bay_3/level_5/slot_02,6
/scene/zones/Zone_A/racks_0/rack_02/bay_3/level_5/slot_03,5
/scene/zones/Zone_A/racks_1/rack_03/bay_0/level_0/slot_01,2
/scene/zones/Zone_A/racks_1/rack_03/bay_0/level_0/slot_02,3
/scene/zones/Zone_A/racks_1/rack_03/bay_0/level_0/slot_03,3
/scene/zones/Zone_A/racks_1/rack_03/bay_0/level_1/slot_01,6
/scene/zones/Zone_A/racks_1/rack_03/bay_0/level_1/slot_02,5
/scene/zones/Zone_A/racks_1/rack_03/bay_0/level_1/slot_03,6
/scene/zones/Zone_A/racks_1/rack_03/bay_0/level_2/slot_01,5
/scene/zones/Zone_A/racks_1/rack_03/bay_0/level_2/slot_02,5
/scene/zones/Zone_A/racks_1/rack_03/bay_0/level_2/slot_03,6
/scene/zones/Zone_A/racks_1/rack_03/bay_0/level_3/slot_01,5
/scene/zones/Zone_A/racks_1/rack_03/bay_0/level_3/slot_02,6
/scene/zones/Zone_A/racks_1/rack_03/bay_0/level_3/slot_03,5
/scene/zones/Zone_A/racks_1/rack_03/bay_0/level_4/slot_01,6
/scene/zones/Zone_A/racks_1/rack_03/bay_0/level_4/slot_02,5
/scene/zones/Zone_A/racks_1/rack_03/bay_0/level_4/slot_03,5
/scene/zones/Zone_A/racks_1/rack_03/bay_0/level_5/slot_01,6
/scene/zones/Zone_A/racks_1/rack_03/bay_0/level_5/slot_02,5
/scene/zones/Zone_A/racks_1/rack_03/bay_0/level_5/slot_03,6
/scene/zones/Zone_A/racks_1/rack_03/bay_1/level_0/slot_01,3
/scene/zones/Zone_A/racks_1/rack_03/bay_1/level_0/slot_02,2
/scene/zones/Zone_A/racks_1/rack_03/bay_1/level_0/slot_03,3
/scene/zones/Zone_A/racks_1/rack_03/bay_1/level_1/slot_01,5
/scene/zones/Zone_A/racks_1/rack_03/bay_1/level_1/slot_02,4
/scene/zones/Zone_A/racks_1/rack_03/bay_1/level_1/slot_03,5
/scene/zones/Zone_A/racks_1/rack_03/bay_1/level_2/slot_01,5
/scene/zones/Zone_A/racks_1/rack_03/bay_1/level_2/slot_02,5
/scene/zones/Zone_A/racks_1/rack_03/bay_1/level_2/slot_03,4
/scene/zones/Zone_A/racks_1/rack_03/bay_1/level_3/slot_01,5
/scene/zones/Zone_A/racks_1/rack_03/bay_1/level_3/slot_02,6
/scene/zones/Zone_A/racks_1/rack_03/bay_1/level_3/slot_03,5
/scene/zones/Zone_A/racks_1/rack_03/bay_1/level_4/slot_01,6
/scene/zones/Zone_A/racks_1/rack_03/bay_1/level_4/slot_02,6
/scene/zones/Zone_A/racks_1/rack_03/bay_1/level_4/slot_03,5
/scene/zones/Zone_A/racks_1/rack_03/bay_1/level_5/slot_01,4
/scene/zones/Zone_A/racks_1/rack_03/bay_1/level_5/slot_02,5
/scene/zones/Zone_A/racks_1/rack_03/bay_1/level_5/slot_03,5
/scene/zones/Zone_A/racks_1/rack_03/bay_2/level_0/slot_01,3
/scene/zones/Zone_A/racks_1/rack_03/bay_2/level_0/slot_02,3
/scene/zones/Zone_A/racks_1/rack_03/bay_2/level_0/slot_03,3
/scene/zones/Zone_A/racks_1/rack_03/bay_2/level_1/slot_01,5
/scene/zones/Zone_A/racks_1/rack_03/bay_2/level_1/slot_02,6
/scene/zones/Zone_A/racks_1/rack_03/bay_2/level_1/slot_03,6
/scene/zones/Zone_A/racks_1/rack_03/bay_2/level_2/slot_01,5
/scene/zones/Zone_A/racks_1/rack_03/bay_2/level_2/slot_02,5
/scene/zones/Zone_A/racks_1/rack_03/bay_2/level_2/slot_03,6
/scene/zones/Zone_A/racks_1/rack_03/bay_2/level_3/slot_01,5
/scene/zones/Zone_A/racks_1/rack_03/bay_2/level_3/slot_02,5
/scene/zones/Zone_A/racks_1/rack_03/bay_2/level_3/slot_03,5
/scene/zones/Zone_A/racks_1/rack_03/bay_2/level_4/slot_01,5
/scene/zones/Zone_A/racks_1/rack_03/bay_2/level_4/slot_02,5
/scene/zones/Zone_A/racks_1/rack_03/bay_2/level_4/slot_03,6
/scene/zones/Zone_A/racks_1/rack_03/bay_2/level_5/slot_01,5
/scene/zones/Zone_A/racks_1/rack_03/bay_2/level_5/slot_02,4
/scene/zones/Zone_A/racks_1/rack_03/bay_2/level_5/slot_03,5
/scene/zones/Zone_A/racks_1/rack_03/bay_3/level_0/slot_01,4
/scene/zones/Zone_A/racks_1/rack_03/bay_3/level_0/slot_02,4
/scene/zones/Zone_A/racks_1/rack_03/bay_3/level_0/slot_03,2
/scene/zones/Zone_A/racks_1/rack_03/bay_3/level_1/slot_01,4
/scene/zones/Zone_A/racks_1/rack_03/bay_3/level_1/slot_02,5
/scene/zones/Zone_A/racks_1/rack_03/bay_3/level_1/slot_03,4
/scene/zones/Zone_A/racks_1/rack_03/bay_3/level_2/slot_01,4
/scene/zones/Zone_A/racks_1/rack_03/bay_3/level_2/slot_02,5
/scene/zones/Zone_A/racks_1/rack_03/bay_3/level_2/slot_03,5
/scene/zones/Zone_A/racks_1/rack_03/bay_3/level_3/slot_01,5
/scene/zones/Zone_A/racks_1/rack_03/bay_3/level_3/slot_02,6
/scene/zones/Zone_A/racks_1/rack_03/bay_3/level_3/slot_03,5
/scene/zones/Zone_A/racks_1/rack_03/bay_3/level_4/slot_01,5
/scene/zones/Zone_A/racks_1/rack_03/bay_3/level_4/slot_02,5
/scene/zones/Zone_A/racks_1/rack_03/bay_3/level_4/slot_03,4
/scene/zones/Zone_A/racks_1/rack_03/bay_3/level_5/slot_01,5
/scene/zones/Zone_A/racks_1/rack_03/bay_3/level_5/slot_02,6
/scene/zones/Zone_A/racks_1/rack_03/bay_3/level_5/slot_03,5
/scene/zones/Zone_A/racks_1/rack_04/bay_0/level_0/slot_01,3
/scene/zones/Zone_A/racks_1/rack_04/bay_0/level_0/slot_02,4
/scene/zones/Zone_A/racks_1/rack_04/bay_0/level_0/slot_03,3
/scene/zones/Zone_A/racks_1/rack_04/bay_0/level_1/slot_01,5
/scene/zones/Zone_A/racks_1/rack_04/bay_0/level_1/slot_02,5
/scene/zones/Zone_A/racks_1/rack_04/bay_0/level_1/slot_03,4
/scene/zones/Zone_A/racks_1/rack_04/bay_0/level_2/slot_01,6
/scene/zones/Zone_A/racks_1/rack_04/bay_0/level_2/slot_02,5
/scene/zones/Zone_A/racks_1/rack_04/bay_0/level_2/slot_03,5
/scene/zones/Zone_A/racks_1/rack_04/bay_0/level_3/slot_01,6
/scene/zones/Zone_A/racks_1/rack_04/bay_0/level_3/slot_02,6
/scene/zones/Zone_A/racks_1/rack_04/bay_0/level_3/slot_03,5
/scene/zones/Zone_A/racks_1/rack_04/bay_0/level_4/slot_01,5
/scene/zones/Zone_A/racks_1/rack_04/bay_0/level_4/slot_02,4
/scene/zones/Zone_A/racks_1/rack_04/bay_0/level_4/slot_03,5
/scene/zones/Zone_A/racks_1/rack_04/bay_0/level_5/slot_01,5
/scene/zones/Zone_A/racks_1/rack_04/bay_0/level_5/slot_02,5
/scene/zones/Zone_A/racks_1/rack_04/bay_0/level_5/slot_03,5
/scene/zones/Zone_A/racks_1/rack_04/bay_1/level_0/slot_01,4
/scene/zones/Zone_A/racks_1/rack_04/bay_1/level_0/slot_02,3
/scene/zones/Zone_A/racks_1/rack_04/bay_1/level_0/slot_03,3
/scene/zones/Zone_A/racks_1/rack_04/bay_1/level_1/slot_01,5
/scene/zones/Zone_A/racks_1/rack_04/bay_1/level_1/slot_02,5
/scene/zones/Zone_A/racks_1/rack_04/bay_1/level_1/slot_03,5
/scene/zones/Zone_A/racks_1/rack_04/bay_1/level_2/slot_01,5
/scene/zones/Zone_A/racks_1/rack_04/bay_1/level_2/slot_02,5
/scene/zones/Zone_A/racks_1/rack_04/bay_1/level_2/slot_03,6
/scene/zones/Zone_A/racks_1/rack_04/bay_1/level_3/slot_01,6
/scene/zones/Zone_A/racks_1/rack_04/bay_1/level_3/slot_02,4
/scene/zones/Zone_A/racks_1/rack_04/bay_1/level_3/slot_03,4
/scene/zones/Zone_A/racks_1/rack_04/bay_1/level_4/slot_01,6
/scene/zones/Zone_A/racks_1/rack_04/bay_1/level_4/slot_02,4
/scene/zones/Zone_A/racks_1/rack_04/bay_1/level_4/slot_03,4
/scene/zones/Zone_A/racks_1/rack_04/bay_1/level_5/slot_01,4
/scene/zones/Zone_A/racks_1/rack_04/bay_1/level_5/slot_02,5
/scene/zones/Zone_A/racks_1/rack_04/bay_1/level_5/slot_03,6
/scene/zones/Zone_A/racks_1/rack_04/bay_2/level_0/slot_01,4
/scene/zones/Zone_A/racks_1/rack_04/bay_2/level_0/slot_02,4
/scene/zones/Zone_A/racks_1/rack_04/bay_2/level_0/slot_03,3
/scene/zones/Zone_A/racks_1/rack_04/bay_2/level_1/slot_01,5
/scene/zones/Zone_A/racks_1/rack_04/bay_2/level_1/slot_02,5
/scene/zones/Zone_A/racks_1/rack_04/bay_2/level_1/slot_03,5
/scene/zones/Zone_A/racks_1/rack_04/bay_2/level_2/slot_01,6
/scene/zones/Zone_A/racks_1/rack_04/bay_2/level_2/slot_02,4
/scene/zones/Zone_A/racks_1/rack_04/bay_2/level_2/slot_03,5
/scene/zones/Zone_A/racks_1/rack_04/bay_2/level_3/slot_01,5
/scene/zones/Zone_A/racks_1/rack_04/bay_2/level_3/slot_02,4
/scene/zones/Zone_A/racks_1/rack_04/bay_2/level_3/slot_03,5
/scene/zones/Zone_A/racks_1/rack_04/bay_2/level_4/slot_01,6
/scene/zones/Zone_A/racks_1/rack_04/bay_2/level_4/slot_02,6
/scene/zones/Zone_A/racks_1/rack_04/bay_2/level_4/slot_03,4
/scene/zones/Zone_A/racks_1/rack_04/bay_2/level_5/slot_01,5
/scene/zones/Zone_A/racks_1/rack_04/bay_2/level_5/slot_02,5
/scene/zones/Zone_A/racks_1/rack_04/bay_2/level_5/slot_03,5
/scene/zones/Zone_A/racks_1/rack_04/bay_3/level_0/slot_01,4
/scene/zones/Zone_A/racks_1/rack_04/bay_3/level_0/slot_02,4
/scene/zones/Zone_A/racks_1/rack_04/bay_3/level_0/slot_03,3
/scene/zones/Zone_A/racks_1/rack_04/bay_3/level_1/slot_01,5
/scene/zones/Zone_A/racks_1/rack_04/bay_3/level_1/slot_02,4
/scene/zones/Zone_A/racks_1/rack_04/bay_3/level_1/slot_03,4
/scene/zones/Zone_A/racks_1/rack_04/bay_3/level_2/slot_01,5
/scene/zones/Zone_A/racks_1/rack_04/bay_3/level_2/slot_02,5
/scene/zones/Zone_A/racks_1/rack_04/bay_3/level_2/slot_03,6
/scene/zones/Zone_A/racks_1/rack_04/bay_3/level_3/slot_01,5
/scene/zones/Zone_A/racks_1/rack_04/bay_3/level_3/slot_02,6
/scene/zones/Zone_A/racks_1/rack_04/bay_3/level_3/slot_03,4
/scene/zones/Zone_A/racks_1/rack_04/bay_3/level_4/slot_01,4
/scene/zones/Zone_A/racks_1/rack_04/bay_3/level_4/slot_02,5
/scene/zones/Zone_A/racks_1/rack_04/bay_3/level_4/slot_03,5
/scene/zones/Zone_A/racks_1/rack_04/bay_3/level_5/slot_01,5
/scene/zones/Zone_A/racks_1/rack_04/bay_3/level_5/slot_02,6
/scene/zones/Zone_A/racks_1/rack_04/bay_3/level_5/slot_03,4
/scene/zones/Zone_A/racks_2/rack_05/bay_0/level_0/slot_01,3
/scene/zones/Zone_A/racks_2/rack_05/bay_0/level_0/slot_02,3
/scene/zones/Zone_A/racks_2/rack_05/bay_0/level_0/slot_03,4
/scene/zones/Zone_A/racks_2/rack_05/bay_0/level_1/slot_01,5
/scene/zones/Zone_A/racks_2/rack_05/bay_0/level_1/slot_02,4
/scene/zones/Zone_A/racks_2/rack_05/bay_0/level_1/slot_03,6
/scene/zones/Zone_A/racks_2/rack_05/bay_0/level_2/slot_01,4
/scene/zones/Zone_A/racks_2/rack_05/bay_0/level_2/slot_02,5
/scene/zones/Zone_A/racks_2/rack_05/bay_0/level_2/slot_03,5
/scene/zones/Zone_A/racks_2/rack_05/bay_0/level_3/slot_01,5
/scene/zones/Zone_A/racks_2/rack_05/bay_0/level_3/slot_02,6
/scene/zones/Zone_A/racks_2/rack_05/bay_0/level_3/slot_03,5
/scene/zones/Zone_A/racks_2/rack_05/bay_0/level_4/slot_01,6
/scene/zones/Zone_A/racks_2/rack_05/bay_0/level_4/slot_02,4
/scene/zones/Zone_A/racks_2/rack_05/bay_0/level_4/slot_03,5
/scene/zones/Zone_A/racks_2/rack_05/bay_0/level_5/slot_01,5
/scene/zones/Zone_A/racks_2/rack_05/bay_0/level_5/slot_02,6
/scene/zones/Zone_A/racks_2/rack_05/bay_0/level_5/slot_03,6
/scene/zones/Zone_A/racks_2/rack_05/bay_1/level_0/slot_01,3
/scene/zones/Zone_A/racks_2/rack_05/bay_1/level_0/slot_02,3
/scene/zones/Zone_A/racks_2/rack_05/bay_1/level_0/slot_03,2
/scene/zones/Zone_A/racks_2/rack_05/bay_1/level_1/slot_01,4
/scene/zones/Zone_A/racks_2/rack_05/bay_1/level_1/slot_02,5
/scene/zones/Zone_A/racks_2/rack_05/bay_1/level_1/slot_03,6
/scene/zones/Zone_A/racks_2/rack_05/bay_1/level_2/slot_01,5
/scene/zones/Zone_A/racks_2/rack_05/bay_1/level_2/slot_02,5
/scene/zones/Zone_A/racks_2/rack_05/bay_1/level_2/slot_03,4
/scene/zones/Zone_A/racks_2/rack_05/bay_1/level_3/slot_01,5
/scene/zones/Zone_A/racks_2/rack_05/bay_1/level_3/slot_02,4
/scene/zones/Zone_A/racks_2/rack_05/bay_1/level_3/slot_03,5
/scene/zones/Zone_A/racks_2/rack_05/bay_1/level_4/slot_01,6
/scene/zones/Zone_A/racks_2/rack_05/bay_1/level_4/slot_02,6
/scene/zones/Zone_A/racks_2/rack_05/bay_1/level_4/slot_03,4
/scene/zones/Zone_A/racks_2/rack_05/bay_1/level_5/slot_01,5
/scene/zones/Zone_A/racks_2/rack_05/bay_1/level_5/slot_02,4
/scene/zones/Zone_A/racks_2/rack_05/bay_1/level_5/slot_03,4
/scene/zones/Zone_A/racks_2/rack_05/bay_2/level_0/slot_01,2
/scene/zones/Zone_A/racks_2/rack_05/bay_2/level_0/slot_02,4
/scene/zones/Zone_A/racks_2/rack_05/bay_2/level_0/slot_03,4
/scene/zones/Zone_A/racks_2/rack_05/bay_2/level_1/slot_01,5
/scene/zones/Zone_A/racks_2/rack_05/bay_2/level_1/slot_02,5
/scene/zones/Zone_A/racks_2/rack_05/bay_2/level_1/slot_03,6
/scene/zones/Zone_A/racks_2/rack_05/bay_2/level_2/slot_01,5
/scene/zones/Zone_A/racks_2/rack_05/bay_2/level_2/slot_02,4
/scene/zones/Zone_A/racks_2/rack_05/bay_2/level_2/slot_03,5
/scene/zones/Zone_A/racks_2/rack_05/bay_2/level_3/slot_01,4
/scene/zones/Zone_A/racks_2/rack_05/bay_2/level_3/slot_02,5
/scene/zones/Zone_A/racks_2/rack_05/bay_2/level_3/slot_03,5
/scene/zones/Zone_A/racks_2/rack_05/bay_2/level_4/slot_01,5
/scene/zones/Zone_A/racks_2/rack_05/bay_2/level_4/slot_02,5
/scene/zones/Zone_A/racks_2/rack_05/bay_2/level_4/slot_03,6
/scene/zones/Zone_A/racks_2/rack_05/bay_2/level_5/slot_01,5
/scene/zones/Zone_A/racks_2/rack_05/bay_2/level_5/slot_02,5
/scene/zones/Zone_A/racks_2/rack_05/bay_2/level_5/slot_03,4
/scene/zones/Zone_A/racks_2/rack_05/bay_3/level_0/slot_01,3
/scene/zones/Zone_A/racks_2/rack_05/bay_3/level_0/slot_02,2
/scene/zones/Zone_A/racks_2/rack_05/bay_3/level_0/slot_03,3
/scene/zones/Zone_A/racks_2/rack_05/bay_3/level_1/slot_01,4
/scene/zones/Zone_A/racks_2/rack_05/bay_3/level_1/slot_02,4
/scene/zones/Zone_A/racks_2/rack_05/bay_3/level_1/slot_03,4
/scene/zones/Zone_A/racks_2/rack_05/bay_3/level_2/slot_01,4
/scene/zones/Zone_A/racks_2/rack_05/bay_3/level_2/slot_02,6
/scene/zones/Zone_A/racks_2/rack_05/bay_3/level_2/slot_03,5
/scene/zones/Zone_A/racks_2/rack_05/bay_3/level_3/slot_01,5
/scene/zones/Zone_A/racks_2/rack_05/bay_3/level_3/slot_02,4
/scene/zones/Zone_A/racks_2/rack_05/bay_3/level_3/slot_03,6
/scene/zones/Zone_A/racks_2/rack_05/bay_3/level_4/slot_01,6
/scene/zones/Zone_A/racks_2/rack_05/bay_3/level_4/slot_02,5
/scene/zones/Zone_A/racks_2/rack_05/bay_3/level_4/slot_03,5
/scene/zones/Zone_A/racks_2/rack_05/bay_3/level_5/slot_01,5
/scene/zones/Zone_A/racks_2/rack_05/bay_3/level_5/slot_02,5
/scene/zones/Zone_A/racks_2/rack_05/bay_3/level_5/slot_03,5
/scene/zones/Zone_A/racks_2/rack_06/bay_0/level_0/slot_01,4
/scene/zones/Zone_A/racks_2/rack_06/bay_0/level_0/slot_02,4
/scene/zones/Zone_A/racks_2/rack_06/bay_0/level_0/slot_03,4
/scene/zones/Zone_A/racks_2/rack_06/bay_0/level_1/slot_01,6
/scene/zones/Zone_A/racks_2/rack_06/bay_0/level_1/slot_02,5
/scene/zones/Zone_A/racks_2/rack_06/bay_0/level_1/slot_03,4
/scene/zones/Zone_A/racks_2/rack_06/bay_0/level_2/slot_01,4
/scene/zones/Zone_A/racks_2/rack_06/bay_0/level_2/slot_02,6
/scene/zones/Zone_A/racks_2/rack_06/bay_0/level_2/slot_03,4
/scene/zones/Zone_A/racks_2/rack_06/bay_0/level_3/slot_01,6
/scene/zones/Zone_A/racks_2/rack_06/bay_0/level_3/slot_02,5
/scene/zones/Zone_A/racks_2/rack_06/bay_0/level_3/slot_03,5
/scene/zones/Zone_A/racks_2/rack_06/bay_0/level_4/slot_01,4
/scene/zones/Zone_A/racks_2/rack_06/bay_0/level_4/slot_02,5
/scene/zones/Zone_A/racks_2/rack_06/bay_0/level_4/slot_03,5
/scene/zones/Zone_A/racks_2/rack_06/bay_0/level_5/slot_01,5
/scene/zones/Zone_A/racks_2/rack_06/bay_0/level_5/slot_02,5
/scene/zones/Zone_A/racks_2/rack_06/bay_0/level_5/slot_03,4
/scene/zones/Zone_A/racks_2/rack_06/bay_1/level_0/slot_01,3
/scene/zones/Zone_A/racks_2/rack_06/bay_1/level_0/slot_02,4
/scene/zones/Zone_A/racks_2/rack_06/bay_1/level_0/slot_03,2
/scene/zones/Zone_A/racks_2/rack_06/bay_1/level_1/slot_01,5
/scene/zones/Zone_A/racks_2/rack_06/bay_1/level_1/slot_02,6
/scene/zones/Zone_A/racks_2/rack_06/bay_1/level_1/slot_03,4
/scene/zones/Zone_A/racks_2/rack_06/bay_1/level_2/slot_01,5
/scene/zones/Zone_A/racks_2/rack_06/bay_1/level_2/slot_02,5
/scene/zones/Zone_A/racks_2/rack_06/bay_1/level_2/slot_03,5
/scene/zones/Zone_A/racks_2/rack_06/bay_1/level_3/slot_01,4
/scene/zones/Zone_A/racks_2/rack_06/bay_1/level_3/slot_02,5
/scene/zones/Zone_A/racks_2/rack_06/bay_1/level_3/slot_03,5
/scene/zones/Zone_A/racks_2/rack_06/bay_1/level_4/slot_01,6
/scene/zones/Zone_A/racks_2/rack_06/bay_1/level_4/slot_02,5
/scene/zones/Zone_A/racks_2/rack_06/bay_1/level_4/slot_03,5
/scene/zones/Zone_A/racks_2/rack_06/bay_1/level_5/slot_01,5
/scene/zones/Zone_A/racks_2/rack_06/bay_1/level_5/slot_02,5
/scene/zones/Zone_A/racks_2/rack_06/bay_1/level_5/slot_03,5
/scene/zones/Zone_A/racks_2/rack_06/bay_2/level_0/slot_01,3
/scene/zones/Zone_A/racks_2/rack_06/bay_2/level_0/slot_02,4
/scene/zones/Zone_A/racks_2/rack_06/bay_2/level_0/slot_03,3
/scene/zones/Zone_A/racks_2/rack_06/bay_2/level_1/slot_01,4
/scene/zones/Zone_A/racks_2/rack_06/bay_2/level_1/slot_02,6
/scene/zones/Zone_A/racks_2/rack_06/bay_2/level_1/slot_03,5
/scene/zones/Zone_A/racks_2/rack_06/bay_2/level_2/slot_01,5
/scene/zones/Zone_A/racks_2/rack_06/bay_2/level_2/slot_02,5
/scene/zones/Zone_A/racks_2/rack_06/bay_2/level_2/slot_03,4
/scene/zones/Zone_A/racks_2/rack_06/bay_2/level_3/slot_01,5
/scene/zones/Zone_A/racks_2/rack_06/bay_2/level_3/slot_02,5
/scene/zones/Zone_A/racks_2/rack_06/bay_2/level_3/slot_03,4
/scene/zones/Zone_A/racks_2/rack_06/bay_2/level_4/slot_01,5
/scene/zones/Zone_A/racks_2/rack_06/bay_2/level_4/slot_02,5
/scene/zones/Zone_A/racks_2/rack_06/bay_2/level_4/slot_03,5
/scene/zones/Zone_A/racks_2/rack_06/bay_2/level_5/slot_01,6
/scene/zones/Zone_A/racks_2/rack_06/bay_2/level_5/slot_02,5
/scene/zones/Zone_A/racks_2/rack_06/bay_2/level_5/slot_03,5
/scene/zones/Zone_A/racks_2/rack_06/bay_3/level_0/slot_01,3
/scene/zones/Zone_A/racks_2/rack_06/bay_3/level_0/slot_02,3
/scene/zones/Zone_A/racks_2/rack_06/bay_3/level_0/slot_03,2
/scene/zones/Zone_A/racks_2/rack_06/bay_3/level_1/slot_01,6
/scene/zones/Zone_A/racks_2/rack_06/bay_3/level_1/slot_02,4
/scene/zones/Zone_A/racks_2/rack_06/bay_3/level_1/slot_03,5
/scene/zones/Zone_A/racks_2/rack_06/bay_3/level_2/slot_01,4
/scene/zones/Zone_A/racks_2/rack_06/bay_3/level_2/slot_02,4
/scene/zones/Zone_A/racks_2/rack_06/bay_3/level_2/slot_03,5
/scene/zones/Zone_A/racks_2/rack_06/bay_3/level_3/slot_01,4
/scene/zones/Zone_A/racks_2/rack_06/bay_3/level_3/slot_02,5
/scene/zones/Zone_A/racks_2/rack_06/bay_3/level_3/slot_03,5
/scene/zones/Zone_A/racks_2/rack_06/bay_3/level_4/slot_01,5
/scene/zones/Zone_A/racks_2/rack_06/bay_3/level_4/slot_02,5
/scene/zones/Zone_A/racks_2/rack_06/bay_3/level_4/slot_03,4
/scene/zones/Zone_A/racks_2/rack_06/bay_3/level_5/slot_01,5
/scene/zones/Zone_A/racks_2/rack_06/bay_3/level_5/slot_02,4
/scene/zones/Zone_A/racks_2/rack_06/bay_3/level_5/slot_03,5
/scene/zones/Zone_A/racks_3/rack_07/bay_0/level_0/slot_01,4
/scene/zones/Zone_A/racks_3/rack_07/bay_0/level_0/slot_02,4
/scene/zones/Zone_A/racks_3/rack_07/bay_0/level_0/slot_03,3
/scene/zones/Zone_A/racks_3/rack_07/bay_0/level_1/slot_01,4
/scene/zones/Zone_A/racks_3/rack_07/bay_0/level_1/slot_02,5
/scene/zones/Zone_A/racks_3/rack_07/bay_0/level_1/slot_03,5
/scene/zones/Zone_A/racks_3/rack_07/bay_0/level_2/slot_01,5
/scene/zones/Zone_A/racks_3/rack_07/bay_0/level_2/slot_02,5
/scene/zones/Zone_A/racks_3/rack_07/bay_0/level_2/slot_03,6
/scene/zones/Zone_A/racks_3/rack_07/bay_0/level_3/slot_01,4
/scene/zones/Zone_A/racks_3/rack_07/bay_0/level_3/slot_02,5
/scene/zones/Zone_A/racks_3/rack_07/bay_0/level_3/slot_03,5
/scene/zones/Zone_A/racks_3/rack_07/bay_0/level_4/slot_01,6
/scene/zones/Zone_A/racks_3/rack_07/bay_0/level_4/slot_02,6
/scene/zones/Zone_A/racks_3/rack_07/bay_0/level_4/slot_03,5
/scene/zones/Zone_A/racks_3/rack_07/bay_0/level_5/slot_01,4
/scene/zones/Zone_A/racks_3/rack_07/bay_0/level_5/slot_02,6
/scene/zones/Zone_A/racks_3/rack_07/bay_0/level_5/slot_03,5
/scene/zones/Zone_A/racks_3/rack_07/bay_1/level_0/slot_01,4
/scene/zones/Zone_A/racks_3/rack_07/bay_1/level_0/slot_02,4
/scene/zones/Zone_A/racks_3/rack_07/bay_1/level_0/slot_03,3
/scene/zones/Zone_A/racks_3/rack_07/bay_1/level_1/slot_01,6
/scene/zones/Zone_A/racks_3/rack_07/bay_1/level_1/slot_02,4
/scene/zones/Zone_A/racks_3/rack_07/bay_1/level_1/slot_03,5
/scene/zones/Zone_A/racks_3/rack_07/bay_1/level_2/slot_01,6
/scene/zones/Zone_A/racks_3/rack_07/bay_1/level_2/slot_02,6
/scene/zones/Zone_A/racks_3/rack_07/bay_1/level_2/slot_03,5
/scene/zones/Zone_A/racks_3/rack_07/bay_1/level_3/slot_01,5
/scene/zones/Zone_A/racks_3/rack_07/bay_1/level_3/slot_02,5
/scene/zones/Zone_A/racks_3/rack_07/bay_1/level_3/slot_03,6
/scene/zones/Zone_A/racks_3/rack_07/bay_1/level_4/slot_01,4
/scene/zones/Zone_A/racks_3/rack_07/bay_1/level_4/slot_02,5
/scene/zones/Zone_A/racks_3/rack_07/bay_1/level_4/slot_03,5
/scene/zones/Zone_A/racks_3/rack_07/bay_1/level_5/slot_01,5
/scene/zones/Zone_A/racks_3/rack_07/bay_1/level_5/slot_02,5
/scene/zones/Zone_A/racks_3/rack_07/bay_1/level_5/slot_03,5
/scene/zones/Zone_A/racks_3/rack_07/bay_2/level_0/slot_01,3
/scene/zones/Zone_A/racks_3/rack_07/bay_2/level_0/slot_02,2
/scene/zones/Zone_A/racks_3/rack_07/bay_2/level_0/slot_03,3
/scene/zones/Zone_A/racks_3/rack_07/bay_2/level_1/slot_01,5
/scene/zones/Zone_A/racks_3/rack_07/bay_2/level_1/slot_02,6
/scene/zones/Zone_A/racks_3/rack_07/bay_2/level_1/slot_03,5
/scene/zones/Zone_A/racks_3/rack_07/bay_2/level_2/slot_01,5
/scene/zones/Zone_A/racks_3/rack_07/bay_2/level_2/slot_02,6
/scene/zones/Zone_A/racks_3/rack_07/bay_2/level_2/slot_03,6
/scene/zones/Zone_A/racks_3/rack_07/bay_2/level_3/slot_01,5
/scene/zones/Zone_A/racks_3/rack_07/bay_2/level_3/slot_02,4
/scene/zones/Zone_A/racks_3/rack_07/bay_2/level_3/slot_03,4
/scene/zones/Zone_A/racks_3/rack_07/bay_2/level_4/slot_01,5
/scene/zones/Zone_A/racks_3/rack_07/bay_2/level_4/slot_02,6
/scene/zones/Zone_A/racks_3/rack_07/bay_2/level_4/slot_03,5
/scene/zones/Zone_A/racks_3/rack_07/bay_2/level_5/slot_01,4
/scene/zones/Zone_A/racks_3/rack_07/bay_2/level_5/slot_02,5
/scene/zones/Zone_A/racks_3/rack_07/bay_2/level_5/slot_03,5
/scene/zones/Zone_A/racks_3/rack_07/bay_3/level_0/slot_01,3
/scene/zones/Zone_A/racks_3/rack_07/bay_3/level_0/slot_02,4
/scene/zones/Zone_A/racks_3/rack_07/bay_3/level_0/slot_03,4
/scene/zones/Zone_A/racks_3/rack_07/bay_3/level_1/slot_01,5
/scene/zones/Zone_A/racks_3/rack_07/bay_3/level_1/slot_02,4
/scene/zones/Zone_A/racks_3/rack_07/bay_3/level_1/slot_03,4
/scene/zones/Zone_A/racks_3/rack_07/bay_3/level_2/slot_01,5
/scene/zones/Zone_A/racks_3/rack_07/bay_3/level_2/slot_02,6
/scene/zones/Zone_A/racks_3/rack_07/bay_3/level_2/slot_03,6
/scene/zones/Zone_A/racks_3/rack_07/bay_3/level_3/slot_01,4
/scene/zones/Zone_A/racks_3/rack_07/bay_3/level_3/slot_02,5
/scene/zones/Zone_A/racks_3/rack_07/bay_3/level_3/slot_03,5
/scene/zones/Zone_A/racks_3/rack_07/bay_3/level_4/slot_01,5
/scene/zones/Zone_A/racks_3/rack_07/bay_3/level_4/slot_02,5
/scene/zones/Zone_A/racks_3/rack_07/bay_3/level_4/slot_03,5
/scene/zones/Zone_A/racks_3/rack_07/bay_3/level_5/slot_01,5
/scene/zones/Zone_A/racks_3/rack_07/bay_3/level_5/slot_02,6
/scene/zones/Zone_A/racks_3/rack_07/bay_3/level_5/slot_03,6
/scene/zones/Zone_A/racks_3/rack_08/bay_0/level_0/slot_01,4
/scene/zones/Zone_A/racks_3/rack_08/bay_0/level_0/slot_02,3
/scene/zones/Zone_A/racks_3/rack_08/bay_0/level_0/slot_03,3
/scene/zones/Zone_A/racks_3/rack_08/bay_0/level_1/slot_01,5
/scene/zones/Zone_A/racks_3/rack_08/bay_0/level_1/slot_02,5
/scene/zones/Zone_A/racks_3/rack_08/bay_0/level_1/slot_03,4
/scene/zones/Zone_A/racks_3/rack_08/bay_0/level_2/slot_01,5
/scene/zones/Zone_A/racks_3/rack_08/bay_0/level_2/slot_02,4
/scene/zones/Zone_A/racks_3/rack_08/bay_0/level_2/slot_03,4
/scene/zones/Zone_A/racks_3/rack_08/bay_0/level_3/slot_01,5
/scene/zones/Zone_A/racks_3/rack_08/bay_0/level_3/slot_02,5
/scene/zones/Zone_A/racks_3/rack_08/bay_0/level_3/slot_03,6
/scene/zones/Zone_A/racks_3/rack_08/bay_0/level_4/slot_01,6
/scene/zones/Zone_A/racks_3/rack_08/bay_0/level_4/slot_02,6
/scene/zones/Zone_A/racks_3/rack_08/bay_0/level_4/slot_03,4
/scene/zones/Zone_A/racks_3/rack_08/bay_0/level_5/slot_01,5
/scene/zones/Zone_A/racks_3/rack_08/bay_0/level_5/slot_02,4
/scene/zones/Zone_A/racks_3/rack_08/bay_0/level_5/slot_03,6
/scene/zones/Zone_A/racks_3/rack_08/bay_1/level_0/slot_01,3
/scene/zones/Zone_A/racks_3/rack_08/bay_1/level_0/slot_02,4
/scene/zones/Zone_A/racks_3/rack_08/bay_1/level_0/slot_03,3
/scene/zones/Zone_A/racks_3/rack_08/bay_1/level_1/slot_01,5
/scene/zones/Zone_A/racks_3/rack_08/bay_1/level_1/slot_02,5
/scene/zones/Zone_A/racks_3/rack_08/bay_1/level_1/slot_03,4
/scene/zones/Zone_A/racks_3/rack_08/bay_1/level_2/slot_01,4
/scene/zones/Zone_A/racks_3/rack_08/bay_1/level_2/slot_02,6
/scene/zones/Zone_A/racks_3/rack_08/bay_1/level_2/slot_03,5
/scene/zones/Zone_A/racks_3/rack_08/bay_1/level_3/slot_01,4
/scene/zones/Zone_A/racks_3/rack_08/bay_1/level_3/slot_02,5
/scene/zones/Zone_A/racks_3/rack_08/bay_1/level_3/slot_03,6
/scene/zones/Zone_A/racks_3/rack_08/bay_1/level_4/slot_01,5
/scene/zones/Zone_A/racks_3/rack_08/bay_1/level_4/slot_02,4
/scene/zones/Zone_A/racks_3/rack_08/bay_1/level_4/slot_03,4
/scene/zones/Zone_A/racks_3/rack_08/bay_1/level_5/slot_01,5
/scene/zones/Zone_A/racks_3/rack_08/bay_1/level_5/slot_02,6
/scene/zones/Zone_A/racks_3/rack_08/bay_1/level_5/slot_03,5
/scene/zones/Zone_A/racks_3/rack_08/bay_2/level_0/slot_01,3
/scene/zones/Zone_A/racks_3/rack_08/bay_2/level_0/slot_02,3
/scene/zones/Zone_A/racks_3/rack_08/bay_2/level_0/slot_03,2
/scene/zones/Zone_A/racks_3/rack_08/bay_2/level_1/slot_01,5
/scene/zones/Zone_A/racks_3/rack_08/bay_2/level_1/slot_02,4
/scene/zones/Zone_A/racks_3/rack_08/bay_2/level_1/slot_03,5
/scene/zones/Zone_A/racks_3/rack_08/bay_2/level_2/slot_01,5
/scene/zones/Zone_A/racks_3/rack_08/bay_2/level_2/slot_02,5
/scene/zones/Zone_A/racks_3/rack_08/bay_2/level_2/slot_03,5
/scene/zones/Zone_A/racks_3/rack_08/bay_2/level_3/slot_01,5
/scene/zones/Zone_A/racks_3/rack_08/bay_2/level_3/slot_02,4
/scene/zones/Zone_A/racks_3/rack_08/bay_2/level_3/slot_03,5
/scene/zones/Zone_A/racks_3/rack_08/bay_2/level_4/slot_01,5
/scene/zones/Zone_A/racks_3/rack_08/bay_2/level_4/slot_02,5
/scene/zones/Zone_A/racks_3/rack_08/bay_2/level_4/slot_03,6
/scene/zones/Zone_A/racks_3/rack_08/bay_2/level_5/slot_01,5
/scene/zones/Zone_A/racks_3/rack_08/bay_2/level_5/slot_02,5
/scene/zones/Zone_A/racks_3/rack_08/bay_2/level_5/slot_03,5
/scene/zones/Zone_A/racks_3/rack_08/bay_3/level_0/slot_01,3
/scene/zones/Zone_A/racks_3/rack_08/bay_3/level_0/slot_02,2
/scene/zones/Zone_A/racks_3/rack_08/bay_3/level_0/slot_03,2
/scene/zones/Zone_A/racks_3/rack_08/bay_3/level_1/slot_01,5
/scene/zones/Zone_A/racks_3/rack_08/bay_3/level_1/slot_02,5
/scene/zones/Zone_A/racks_3/rack_08/bay_3/level_1/slot_03,5
/scene/zones/Zone_A/racks_3/rack_08/bay_3/level_2/slot_01,4
/scene/zones/Zone_A/racks_3/rack_08/bay_3/level_2/slot_02,5
/scene/zones/Zone_A/racks_3/rack_08/bay_3/level_2/slot_03,6
/scene/zones/Zone_A/racks_3/rack_08/bay_3/level_3/slot_01,4
/scene/zones/Zone_A/racks_3/rack_08/bay_3/level_3/slot_02,5
/scene/zones/Zone_A/racks_3/rack_08/bay_3/level_3/slot_03,5
/scene/zones/Zone_A/racks_3/rack_08/bay_3/level_4/slot_01,5
/scene/zones/Zone_A/racks_3/rack_08/bay_3/level_4/slot_02,5
/scene/zones/Zone_A/racks_3/rack_08/bay_3/level_4/slot_03,6
/scene/zones/Zone_A/racks_3/rack_08/bay_3/level_5/slot_01,5
/scene/zones/Zone_A/racks_3/rack_08/bay_3/level_5/slot_02,4
/scene/zones/Zone_A/racks_3/rack_08/bay_3/level_5/slot_03,5
/scene/zones/Zone_A/racks_4/rack_09/bay_0/level_0/slot_01,4
/scene/zones/Zone_A/racks_4/rack_09/bay_0/level_0/slot_02,4
/scene/zones/Zone_A/racks_4/rack_09/bay_0/level_0/slot_03,2
/scene/zones/Zone_A/racks_4/rack_09/bay_0/level_1/slot_01,5
/scene/zones/Zone_A/racks_4/rack_09/bay_0/level_1/slot_02,5
/scene/zones/Zone_A/racks_4/rack_09/bay_0/level_1/slot_03,4
/scene/zones/Zone_A/racks_4/rack_09/bay_0/level_2/slot_01,4
/scene/zones/Zone_A/racks_4/rack_09/bay_0/level_2/slot_02,5
/scene/zones/Zone_A/racks_4/rack_09/bay_0/level_2/slot_03,5
/scene/zones/Zone_A/racks_4/rack_09/bay_0/level_3/slot_01,5
/scene/zones/Zone_A/racks_4/rack_09/bay_0/level_3/slot_02,6
/scene/zones/Zone_A/racks_4/rack_09/bay_0/level_3/slot_03,5
/scene/zones/Zone_A/racks_4/rack_09/bay_0/level_4/slot_01,5
/scene/zones/Zone_A/racks_4/rack_09/bay_0/level_4/slot_02,5
/scene/zones/Zone_A/racks_4/rack_09/bay_0/level_4/slot_03,5
/scene/zones/Zone_A/racks_4/rack_09/bay_0/level_5/slot_01,4
/scene/zones/Zone_A/racks_4/rack_09/bay_0/level_5/slot_02,5
/scene/zones/Zone_A/racks_4/rack_09/bay_0/level_5/slot_03,5
/scene/zones/Zone_A/racks_4/rack_09/bay_1/level_0/slot_01,3
/scene/zones/Zone_A/racks_4/rack_09/bay_1/level_0/slot_02,2
/scene/zones/Zone_A/racks_4/rack_09/bay_1/level_0/slot_03,2
/scene/zones/Zone_A/racks_4/rack_09/bay_1/level_1/slot_01,6
/scene/zones/Zone_A/racks_4/rack_09/bay_1/level_1/slot_02,4
/scene/zones/Zone_A/racks_4/rack_09/bay_1/level_1/slot_03,4
/scene/zones/Zone_A/racks_4/rack_09/bay_1/level_2/slot_01,5
/scene/zones/Zone_A/racks_4/rack_09/bay_1/level_2/slot_02,5
/scene/zones/Zone_A/racks_4/rack_09/bay_1/level_2/slot_03,5
/scene/zones/Zone_A/racks_4/rack_09/bay_1/level_3/slot_01,6
/scene/zones/Zone_A/racks_4/rack_09/bay_1/level_3/slot_02,5
/scene/zones/Zone_A/racks_4/rack_09/bay_1/level_3/slot_03,6
/scene/zones/Zone_A/racks_4/rack_09/bay_1/level_4/slot_01,6
/scene/zones/Zone_A/racks_4/rack_09/bay_1/level_4/slot_02,4
/scene/zones/Zone_A/racks_4/rack_09/bay_1/level_4/slot_03,6
/scene/zones/Zone_A/racks_4/rack_09/bay_1/level_5/slot_01,6
/scene/zones/Zone_A/racks_4/rack_09/bay_1/level_5/slot_02,4
/scene/zones/Zone_A/racks_4/rack_09/bay_1/level_5/slot_03,5
/scene/zones/Zone_A/racks_4/rack_09/bay_2/level_0/slot_01,2
/scene/zones/Zone_A/racks_4/rack_09/bay_2/level_0/slot_02,4
/scene/zones/Zone_A/racks_4/rack_09/bay_2/level_0/slot_03,3
/scene/zones/Zone_A/racks_4/rack_09/bay_2/level_1/slot_01,4
/scene/zones/Zone_A/racks_4/rack_09/bay_2/level_1/slot_02,5
/scene/zones/Zone_A/racks_4/rack_09/bay_2/level_1/slot_03,5
/scene/zones/Zone_A/racks_4/rack_09/bay_2/level_2/slot_01,5
/scene/zones/Zone_A/racks_4/rack_09/bay_2/level_2/slot_02,6
/scene/zones/Zone_A/racks_4/rack_09/bay_2/level_2/slot_03,5
/scene/zones/Zone_A/racks_4/rack_09/bay_2/level_3/slot_01,5
/scene/zones/Zone_A/racks_4/rack_09/bay_2/level_3/slot_02,6
/scene/zones/Zone_A/racks_4/rack_09/bay_2/level_3/slot_03,5
/scene/zones/Zone_A/racks_4/rack_09/bay_2/level_4/slot_01,5
/scene/zones/Zone_A/racks_4/rack_09/bay_2/level_4/slot_02,6
/scene/zones/Zone_A/racks_4/rack_09/bay_2/level_4/slot_03,6
/scene/zones/Zone_A/racks_4/rack_09/bay_2/level_5/slot_01,5
/scene/zones/Zone_A/racks_4/rack_09/bay_2/level_5/slot_02,5
/scene/zones/Zone_A/racks_4/rack_09/bay_2/level_5/slot_03,6
/scene/zones/Zone_A/racks_4/rack_09/bay_3/level_0/slot_01,4
/scene/zones/Zone_A/racks_4/rack_09/bay_3/level_0/slot_02,4
/scene/zones/Zone_A/racks_4/rack_09/bay_3/level_0/slot_03,4
/scene/zones/Zone_A/racks_4/rack_09/bay_3/level_1/slot_01,5
/scene/zones/Zone_A/racks_4/rack_09/bay_3/level_1/slot_02,6
/scene/zones/Zone_A/racks_4/rack_09/bay_3/level_1/slot_03,4
/scene/zones/Zone_A/racks_4/rack_09/bay_3/level_2/slot_01,4
/scene/zones/Zone_A/racks_4/rack_09/bay_3/level_2/slot_02,5
/scene/zones/Zone_A/racks_4/rack_09/bay_3/level_2/slot_03,6
/scene/zones/Zone_A/racks_4/rack_09/bay_3/level_3/slot_01,5
/scene/zones/Zone_A/racks_4/rack_09/bay_3/level_3/slot_02,4
/scene/zones/Zone_A/racks_4/rack_09/bay_3/level_3/slot_03,5
/scene/zones/Zone_A/racks_4/rack_09/bay_3/level_4/slot_01,5
/scene/zones/Zone_A/racks_4/rack_09/bay_3/level_4/slot_02,5
/scene/zones/Zone_A/racks_4/rack_09/bay_3/level_4/slot_03,6
/scene/zones/Zone_A/racks_4/rack_09/bay_3/level_5/slot_01,5
/scene/zones/Zone_A/racks_4/rack_09/bay_3/level_5/slot_02,5
/scene/zones/Zone_A/racks_4/rack_09/bay_3/level_5/slot_03,6
/scene/zones/Zone_A/racks_4/rack_10/bay_0/level_0/slot_01,3
/scene/zones/Zone_A/racks_4/rack_10/bay_0/level_0/slot_02,3
/scene/zones/Zone_A/racks_4/rack_10/bay_0/level_0/slot_03,4
/scene/zones/Zone_A/racks_4/rack_10/bay_0/level_1/slot_01,4
/scene/zones/Zone_A/racks_4/rack_10/bay_0/level_1/slot_02,5
/scene/zones/Zone_A/racks_4/rack_10/bay_0/level_1/slot_03,4
/scene/zones/Zone_A/racks_4/rack_10/bay_0/level_2/slot_01,6
/scene/zones/Zone_A/racks_4/rack_10/bay_0/level_2/slot_02,5
/scene/zones/Zone_A/racks_4/rack_10/bay_0/level_2/slot_03,5
/scene/zones/Zone_A/racks_4/rack_10/bay_0/level_3/slot_01,6
/scene/zones/Zone_A/racks_4/rack_10/bay_0/level_3/slot_02,5
/scene/zones/Zone_A/racks_4/rack_10/bay_0/level_3/slot_03,5
/scene/zones/Zone_A/racks_4/rack_10/bay_0/level_4/slot_01,6
/scene/zones/Zone_A/racks_4/rack_10/bay_0/level_4/slot_02,4
/scene/zones/Zone_A/racks_4/rack_10/bay_0/level_4/slot_03,5
/scene/zones/Zone_A/racks_4/rack_10/bay_0/level_5/slot_01,5
/scene/zones/Zone_A/racks_4/rack_10/bay_0/level_5/slot_02,6
/scene/zones/Zone_A/racks_4/rack_10/bay_0/level_5/slot_03,5
/scene/zones/Zone_A/racks_4/rack_10/bay_1/level_0/slot_01,4
/scene/zones/Zone_A/racks_4/rack_10/bay_1/level_0/slot_02,3
/scene/zones/Zone_A/racks_4/rack_10/bay_1/level_0/slot_03,3
/scene/zones/Zone_A/racks_4/rack_10/bay_1/level_1/slot_01,6
/scene/zones/Zone_A/racks_4/rack_10/bay_1/level_1/slot_02,4
/scene/zones/Zone_A/racks_4/rack_10/bay_1/level_1/slot_03,5
/scene/zones/Zone_A/racks_4/rack_10/bay_1/level_2/slot_01,4
/scene/zones/Zone_A/racks_4/rack_10/bay_1/level_2/slot_02,6
/scene/zones/Zone_A/racks_4/rack_10/bay_1/level_2/slot_03,5
/scene/zones/Zone_A/racks_4/rack_10/bay_1/level_3/slot_01,5
/scene/zones/Zone_A/racks_4/rack_10/bay_1/level_3/slot_02,6
/scene/zones/Zone_A/racks_4/rack_10/bay_1/level_3/slot_03,6
/scene/zones/Zone_A/racks_4/rack_10/bay_1/level_4/slot_01,5
/scene/zones/Zone_A/racks_4/rack_10/bay_1/level_4/slot_02,5
/scene/zones/Zone_A/racks_4/rack_10/bay_1/level_4/slot_03,4
/scene/zones/Zone_A/racks_4/rack_10/bay_1/level_5/slot_01,4
/scene/zones/Zone_A/racks_4/rack_10/bay_1/level_5/slot_02,5
/scene/zones/Zone_A/racks_4/rack_10/bay_1/level_5/slot_03,5
/scene/zones/Zone_A/racks_4/rack_10/bay_2/level_0/slot_01,3
/scene/zones/Zone_A/racks_4/rack_10/bay_2/level_0/slot_02,4
/scene/zones/Zone_A/racks_4/rack_10/bay_2/level_0/slot_03,3
/scene/zones/Zone_A/racks_4/rack_10/bay_2/level_1/slot_01,5
/scene/zones/Zone_A/racks_4/rack_10/bay_2/level_1/slot_02,5
/scene/zones/Zone_A/racks_4/rack_10/bay_2/level_1/slot_03,4
/scene/zones/Zone_A/racks_4/rack_10/bay_2/level_2/slot_01,5
/scene/zones/Zone_A/racks_4/rack_10/bay_2/level_2/slot_02,6
/scene/zones/Zone_A/racks_4/rack_10/bay_2/level_2/slot_03,4
/scene/zones/Zone_A/racks_4/rack_10/bay_2/level_3/slot_01,6
/scene/zones/Zone_A/racks_4/rack_10/bay_2/level_3/slot_02,5
/scene/zones/Zone_A/racks_4/rack_10/bay_2/level_3/slot_03,6
/scene/zones/Zone_A/racks_4/rack_10/bay_2/level_4/slot_01,5
/scene/zones/Zone_A/racks_4/rack_10/bay_2/level_4/slot_02,5
/scene/zones/Zone_A/racks_4/rack_10/bay_2/level_4/slot_03,5
/scene/zones/Zone_A/racks_4/rack_10/bay_2/level_5/slot_01,5
/scene/zones/Zone_A/racks_4/rack_10/bay_2/level_5/slot_02,6
/scene/zones/Zone_A/racks_4/rack_10/bay_2/level_5/slot_03,5
/scene/zones/Zone_A/racks_4/rack_10/bay_3/level_0/slot_01,3
/scene/zones/Zone_A/racks_4/rack_10/bay_3/level_0/slot_02,3
/scene/zones/Zone_A/racks_4/rack_10/bay_3/level_0/slot_03,3
/scene/zones/Zone_A/racks_4/rack_10/bay_3/level_1/slot_01,6
/scene/zones/Zone_A/racks_4/rack_10/bay_3/level_1/slot_02,5
/scene/zones/Zone_A/racks_4/rack_10/bay_3/level_1/slot_03,5
/scene/zones/Zone_A/racks_4/rack_10/bay_3/level_2/slot_01,4
/scene/zones/Zone_A/racks_4/rack_10/bay_3/level_2/slot_02,5
/scene/zones/Zone_A/racks_4/rack_10/bay_3/level_2/slot_03,5
/scene/zones/Zone_A/racks_4/rack_10/bay_3/level_3/slot_01,4
/scene/zones/Zone_A/racks_4/rack_10/bay_3/level_3/slot_02,5
/scene/zones/Zone_A/racks_4/rack_10/bay_3/level_3/slot_03,5
/scene/zones/Zone_A/racks_4/rack_10/bay_3/level_4/slot_01,6
/scene/zones/Zone_A/racks_4/rack_10/bay_3/level_4/slot_02,5
/scene/zones/Zone_A/racks_4/rack_10/bay_3/level_4/slot_03,5
/scene/zones/Zone_A/racks_4/rack_10/bay_3/level_5/slot_01,6
/scene/zones/Zone_A/racks_4/rack_10/bay_3/level_5/slot_02,6
/scene/zones/Zone_A/racks_4/rack_10/bay_3/level_5/slot_03,5
/scene/zones/Zone_A/racks_5/rack_11/bay_0/level_0/slot_01,3
/scene/zones/Zone_A/racks_5/rack_11/bay_0/level_0/slot_02,3
/scene/zones/Zone_A/racks_5/rack_11/bay_0/level_0/slot_03,4
/scene/zones/Zone_A/racks_5/rack_11/bay_0/level_1/slot_01,5
/scene/zones/Zone_A/racks_5/rack_11/bay_0/level_1/slot_02,4
/scene/zones/Zone_A/racks_5/rack_11/bay_0/level_1/slot_03,5
/scene/zones/Zone_A/racks_5/rack_11/bay_0/level_2/slot_01,5
/scene/zones/Zone_A/racks_5/rack_11/bay_0/level_2/slot_02,6
/scene/zones/Zone_A/racks_5/rack_11/bay_0/level_2/slot_03,5
/scene/zones/Zone_A/racks_5/rack_11/bay_0/level_3/slot_01,6
/scene/zones/Zone_A/racks_5/rack_11/bay_0/level_3/slot_02,5
/scene/zones/Zone_A/racks_5/rack_11/bay_0/level_3/slot_03,5
/scene/zones/Zone_A/racks_5/rack_11/bay_0/level_4/slot_01,5
/scene/zones/Zone_A/racks_5/rack_11/bay_0/level_4/slot_02,5
/scene/zones/Zone_A/racks_5/rack_11/bay_0/level_4/slot_03,6
/scene/zones/Zone_A/racks_5/rack_11/bay_0/level_5/slot_01,5
/scene/zones/Zone_A/racks_5/rack_11/bay_0/level_5/slot_02,5
/scene/zones/Zone_A/racks_5/rack_11/bay_0/level_5/slot_03,4
/scene/zones/Zone_A/racks_5/rack_11/bay_1/level_0/slot_01,4
/scene/zones/Zone_A/racks_5/rack_11/bay_1/level_0/slot_02,3
/scene/zones/Zone_A/racks_5/rack_11/bay_1/level_0/slot_03,2
/scene/zones/Zone_A/racks_5/rack_11/bay_1/level_1/slot_01,4
/scene/zones/Zone_A/racks_5/rack_11/bay_1/level_1/slot_02,5
/scene/zones/Zone_A/racks_5/rack_11/bay_1/level_1/slot_03,5
/scene/zones/Zone_A/racks_5/rack_11/bay_1/level_2/slot_01,4
/scene/zones/Zone_A/racks_5/rack_11/bay_1/level_2/slot_02,5
/scene/zones/Zone_A/racks_5/rack_11/bay_1/level_2/slot_03,5
/scene/zones/Zone_A/racks_5/rack_11/bay_1/level_3/slot_01,6
/scene/zones/Zone_A/racks_5/rack_11/bay_1/level_3/slot_02,4
/scene/zones/Zone_A/racks_5/rack_11/bay_1/level_3/slot_03,5
/scene/zones/Zone_A/racks_5/rack_11/bay_1/level_4/slot_01,4
/scene/zones/Zone_A/racks_5/rack_11/bay_1/level_4/slot_02,4
/scene/zones/Zone_A/racks_5/rack_11/bay_1/level_4/slot_03,5
/scene/zones/Zone_A/racks_5/rack_11/bay_1/level_5/slot_01,6
/scene/zones/Zone_A/racks_5/rack_11/bay_1/level_5/slot_02,6
/scene/zones/Zone_A/racks_5/rack_11/bay_1/level_5/slot_03,4
/scene/zones/Zone_A/racks_5/rack_11/bay_2/level_0/slot_01,3
/scene/zones/Zone_A/racks_5/rack_11/bay_2/level_0/slot_02,2
/scene/zones/Zone_A/racks_5/rack_11/bay_2/level_0/slot_03,3
/scene/zones/Zone_A/racks_5/rack_11/bay_2/level_1/slot_01,5
/scene/zones/Zone_A/racks_5/rack_11/bay_2/level_1/slot_02,5
/scene/zones/Zone_A/racks_5/rack_11/bay_2/level_1/slot_03,5
/scene/zones/Zone_A/racks_5/rack_11/bay_2/level_2/slot_01,5
/scene/zones/Zone_A/racks_5/rack_11/bay_2/level_2/slot_02,5
/scene/zones/Zone_A/racks_5/rack_11/bay_2/level_2/slot_03,6
/scene/zones/Zone_A/racks_5/rack_11/bay_2/level_3/slot_01,5
/scene/zones/Zone_A/racks_5/rack_11/bay_2/level_3/slot_02,6
/scene/zones/Zone_A/racks_5/rack_11/bay_2/level_3/slot_03,4
/scene/zones/Zone_A/racks_5/rack_11/bay_2/level_4/slot_01,4
/scene/zones/Zone_A/racks_5/rack_11/bay_2/level_4/slot_02,4
/scene/zones/Zone_A/racks_5/rack_11/bay_2/level_4/slot_03,4
/scene/zones/Zone_A/racks_5/rack_11/bay_2/level_5/slot_01,5
/scene/zones/Zone_A/racks_5/rack_11/bay_2/level_5/slot_02,4
/scene/zones/Zone_A/racks_5/rack_11/bay_2/level_5/slot_03,4
/scene/zones/Zone_A/racks_5/rack_11/bay_3/level_0/slot_01,4
/scene/zones/Zone_A/racks_5/rack_11/bay_3/level_0/slot_02,2
/scene/zones/Zone_A/racks_5/rack_11/bay_3/level_0/slot_03,4
/scene/zones/Zone_A/racks_5/rack_11/bay_3/level_1/slot_01,6
/scene/zones/Zone_A/racks_5/rack_11/bay_3/level_1/slot_02,4
/scene/zones/Zone_A/racks_5/rack_11/bay_3/level_1/slot_03,5
/scene/zones/Zone_A/racks_5/rack_11/bay_3/level_2/slot_01,6
/scene/zones/Zone_A/racks_5/rack_11/bay_3/level_2/slot_02,4
/scene/zones/Zone_A/racks_5/rack_11/bay_3/level_2/slot_03,6
/scene/zones/Zone_A/racks_5/rack_11/bay_3/level_3/slot_01,6
/scene/zones/Zone_A/racks_5/rack_11/bay_3/level_3/slot_02,5
/scene/zones/Zone_A/racks_5/rack_11/bay_3/level_3/slot_03,4
/scene/zones/Zone_A/racks_5/rack_11/bay_3/level_4/slot_01,5
/scene/zones/Zone_A/racks_5/rack_11/bay_3/level_4/slot_02,5
/scene/zones/Zone_A/racks_5/rack_11/bay_3/level_4/slot_03,5
/scene/zones/Zone_A/racks_5/rack_11/bay_3/level_5/slot_01,6
/scene/zones/Zone_A/racks_5/rack_11/bay_3/level_5/slot_02,5
/scene/zones/Zone_A/racks_5/rack_11/bay_3/level_5/slot_03,5
/scene/zones/Zone_A/racks_5/rack_12/bay_0/level_0/slot_01,4
/scene/zones/Zone_A/racks_5/rack_12/bay_0/level_0/slot_02,3
/scene/zones/Zone_A/racks_5/rack_12/bay_0/level_0/slot_03,3
/scene/zones/Zone_A/racks_5/rack_12/bay_0/level_1/slot_01,5
/scene/zones/Zone_A/racks_5/rack_12/bay_0/level_1/slot_02,5
/scene/zones/Zone_A/racks_5/rack_12/bay_0/level_1/slot_03,5
/scene/zones/Zone_A/racks_5/rack_12/bay_0/level_2/slot_01,4
/scene/zones/Zone_A/racks_5/rack_12/bay_0/level_2/slot_02,6
/scene/zones/Zone_A/racks_5/rack_12/bay_0/level_2/slot_03,5
/scene/zones/Zone_A/racks_5/rack_12/bay_0/level_3/slot_01,5
/scene/zones/Zone_A/racks_5/rack_12/bay_0/level_3/slot_02,5
/scene/zones/Zone_A/racks_5/rack_12/bay_0/level_3/slot_03,5
/scene/zones/Zone_A/racks_5/rack_12/bay_0/level_4/slot_01,5
/scene/zones/Zone_A/racks_5/rack_12/bay_0/level_4/slot_02,4
/scene/zones/Zone_A/racks_5/rack_12/bay_0/level_4/slot_03,5
/scene/zones/Zone_A/racks_5/rack_12/bay_0/level_5/slot_01,5
/scene/zones/Zone_A/racks_5/rack_12/bay_0/level_5/slot_02,6
/scene/zones/Zone_A/racks_5/rack_12/bay_0/level_5/slot_03,4
/scene/zones/Zone_A/racks_5/rack_12/bay_1/level_0/slot_01,2
/scene/zones/Zone_A/racks_5/rack_12/bay_1/level_0/slot_02,4
/scene/zones/Zone_A/racks_5/rack_12/bay_1/level_0/slot_03,3
/scene/zones/Zone_A/racks_5/rack_12/bay_1/level_1/slot_01,6
/scene/zones/Zone_A/racks_5/rack_12/bay_1/level_1/slot_02,4
/scene/zones/Zone_A/racks_5/rack_12/bay_1/level_1/slot_03,4
/scene/zones/Zone_A/racks_5/rack_12/bay_1/level_2/slot_01,5
/scene/zones/Zone_A/racks_5/rack_12/bay_1/level_2/slot_02,5
/scene/zones/Zone_A/racks_5/rack_12/bay_1/level_2/slot_03,5
/scene/zones/Zone_A/racks_5/rack_12/bay_1/level_3/slot_01,6
/scene/zones/Zone_A/racks_5/rack_12/bay_1/level_3/slot_02,5
/scene/zones/Zone_A/racks_5/rack_12/bay_1/level_3/slot_03,5
/scene/zones/Zone_A/racks_5/rack_12/bay_1/level_4/slot_01,5
/scene/zones/Zone_A/racks_5/rack_12/bay_1/level_4/slot_02,4
/scene/zones/Zone_A/racks_5/rack_12/bay_1/level_4/slot_03,5
/scene/zones/Zone_A/racks_5/rack_12/bay_1/level_5/slot_01,4
/scene/zones/Zone_A/racks_5/rack_12/bay_1/level_5/slot_02,6
/scene/zones/Zone_A/racks_5/rack_12/bay_1/level_5/slot_03,5
/scene/zones/Zone_A/racks_5/rack_12/bay_2/level_0/slot_01,3
/scene/zones/Zone_A/racks_5/rack_12/bay_2/level_0/slot_02,3
/scene/zones/Zone_A/racks_5/rack_12/bay_2/level_0/slot_03,3
/scene/zones/Zone_A/racks_5/rack_12/bay_2/level_1/slot_01,4
/scene/zones/Zone_A/racks_5/rack_12/bay_2/level_1/slot_02,5
/scene/zones/Zone_A/racks_5/rack_12/bay_2/level_1/slot_03,6
/scene/zones/Zone_A/racks_5/rack_12/bay_2/level_2/slot_01,4
/scene/zones/Zone_A/racks_5/rack_12/bay_2/level_2/slot_02,5
/scene/zones/Zone_A/racks_5/rack_12/bay_2/level_2/slot_03,4
/scene/zones/Zone_A/racks_5/rack_12/bay_2/level_3/slot_01,5
/scene/zones/Zone_A/racks_5/rack_12/bay_2/level_3/slot_02,6
/scene/zones/Zone_A/racks_5/rack_12/bay_2/level_3/slot_03,5
/scene/zones/Zone_A/racks_5/rack_12/bay_2/level_4/slot_01,6
/scene/zones/Zone_A/racks_5/rack_12/bay_2/level_4/slot_02,4
/scene/zones/Zone_A/racks_5/rack_12/bay_2/level_4/slot_03,6
/scene/zones/Zone_A/racks_5/rack_12/bay_2/level_5/slot_01,5
/scene/zones/Zone_A/racks_5/rack_12/bay_2/level_5/slot_02,5
/scene/zones/Zone_A/racks_5/rack_12/bay_2/level_5/slot_03,5
/scene/zones/Zone_A/racks_5/rack_12/bay_3/level_0/slot_01,3
/scene/zones/Zone_A/racks_5/rack_12/bay_3/level_0/slot_02,3
/scene/zones/Zone_A/racks_5/rack_12/bay_3/level_0/slot_03,3
/scene/zones/Zone_A/racks_5/rack_12/bay_3/level_1/slot_01,4
/scene/zones/Zone_A/racks_5/rack_12/bay_3/level_1/slot_02,5
/scene/zones/Zone_A/racks_5/rack_12/bay_3/level_1/slot_03,6
/scene/zones/Zone_A/racks_5/rack_12/bay_3/level_2/slot_01,4
/scene/zones/Zone_A/racks_5/rack_12/bay_3/level_2/slot_02,4
/scene/zones/Zone_A/racks_5/rack_12/bay_3/level_2/slot_03,5
/scene/zones/Zone_A/racks_5/rack_12/bay_3/level_3/slot_01,4
/scene/zones/Zone_A/racks_5/rack_12/bay_3/level_3/slot_02,6
/scene/zones/Zone_A/racks_5/rack_12/bay_3/level_3/slot_03,5
/scene/zones/Zone_A/racks_5/rack_12/bay_3/level_4/slot_01,5
/scene/zones/Zone_A/racks_5/rack_12/bay_3/level_4/slot_02,5
/scene/zones/Zone_A/racks_5/rack_12/bay_3/level_4/slot_03,6
/scene/zones/Zone_A/racks_5/rack_12/bay_3/level_5/slot_01,4
/scene/zones/Zone_A/racks_5/rack_12/bay_3/level_5/slot_02,5
/scene/zones/Zone_A/racks_5/rack_12/bay_3/level_5/slot_03,5
/scene/zones/Zone_A/racks_6/rack_13/bay_0/level_0/slot_01,4
/scene/zones/Zone_A/racks_6/rack_13/bay_0/level_0/slot_02,4
/scene/zones/Zone_A/racks_6/rack_13/bay_0/level_0/slot_03,2
/scene/zones/Zone_A/racks_6/rack_13/bay_0/level_1/slot_01,5
/scene/zones/Zone_A/racks_6/rack_13/bay_0/level_1/slot_02,4
/scene/zones/Zone_A/racks_6/rack_13/bay_0/level_1/slot_03,5
/scene/zones/Zone_A/racks_6/rack_13/bay_0/level_2/slot_01,6
/scene/zones/Zone_A/racks_6/rack_13/bay_0/level_2/slot_02,4
/scene/zones/Zone_A/racks_6/rack_13/bay_0/level_2/slot_03,6
/scene/zones/Zone_A/racks_6/rack_13/bay_0/level_3/slot_01,6
/scene/zones/Zone_A/racks_6/rack_13/bay_0/level_3/slot_02,5
/scene/zones/Zone_A/racks_6/rack_13/bay_0/level_3/slot_03,5
/scene/zones/Zone_A/racks_6/rack_13/bay_0/level_4/slot_01,5
/scene/zones/Zone_A/racks_6/rack_13/bay_0/level_4/slot_02,6
/scene/zones/Zone_A/racks_6/rack_13/bay_0/level_4/slot_03,6
/scene/zones/Zone_A/racks_6/rack_13/bay_0/level_5/slot_01,4
/scene/zones/Zone_A/racks_6/rack_13/bay_0/level_5/slot_02,5
/scene/zones/Zone_A/racks_6/rack_13/bay_0/level_5/slot_03,4
/scene/zones/Zone_A/racks_6/rack_13/bay_1/level_0/slot_01,4
/scene/zones/Zone_A/racks_6/rack_13/bay_1/level_0/slot_02,3
/scene/zones/Zone_A/racks_6/rack_13/bay_1/level_0/slot_03,3
/scene/zones/Zone_A/racks_6/rack_13/bay_1/level_1/slot_01,5
/scene/zones/Zone_A/racks_6/rack_13/bay_1/level_1/slot_02,5
/scene/zones/Zone_A/racks_6/rack_13/bay_1/level_1/slot_03,4
/scene/zones/Zone_A/racks_6/rack_13/bay_1/level_2/slot_01,5
/scene/zones/Zone_A/racks_6/rack_13/bay_1/level_2/slot_02,5
/scene/zones/Zone_A/racks_6/rack_13/bay_1/level_2/slot_03,6
/scene/zones/Zone_A/racks_6/rack_13/bay_1/level_3/slot_01,4
/scene/zones/Zone_A/racks_6/rack_13/bay_1/level_3/slot_02,5
/scene/zones/Zone_A/racks_6/rack_13/bay_1/level_3/slot_03,6
/scene/zones/Zone_A/racks_6/rack_13/bay_1/level_4/slot_01,6
/scene/zones/Zone_A/racks_6/rack_13/bay_1/level_4/slot_02,5
/scene/zones/Zone_A/racks_6/rack_13/bay_1/level_4/slot_03,4
/scene/zones/Zone_A/racks_6/rack_13/bay_1/level_5/slot_01,4
/scene/zones/Zone_A/racks_6/rack_13/bay_1/level_5/slot_02,6
/scene/zones/Zone_A/racks_6/rack_13/bay_1/level_5/slot_03,5
/scene/zones/Zone_A/racks_6/rack_13/bay_2/level_0/slot_01,3
/scene/zones/Zone_A/racks_6/rack_13/bay_2/level_0/slot_02,4
/scene/zones/Zone_A/racks_6/rack_13/bay_2/level_0/slot_03,3
/scene/zones/Zone_A/racks_6/rack_13/bay_2/level_1/slot_01,6
/scene/zones/Zone_A/racks_6/rack_13/bay_2/level_1/slot_02,4
/scene/zones/Zone_A/racks_6/rack_13/bay_2/level_1/slot_03,5
/scene/zones/Zone_A/racks_6/rack_13/bay_2/level_2/slot_01,5
/scene/zones/Zone_A/racks_6/rack_13/bay_2/level_2/slot_02,6
/scene/zones/Zone_A/racks_6/rack_13/bay_2/level_2/slot_03,5
/scene/zones/Zone_A/racks_6/rack_13/bay_2/level_3/slot_01,5
/scene/zones/Zone_A/racks_6/rack_13/bay_2/level_3/slot_02,4
/scene/zones/Zone_A/racks_6/rack_13/bay_2/level_3/slot_03,5
/scene/zones/Zone_A/racks_6/rack_13/bay_2/level_4/slot_01,6
/scene/zones/Zone_A/racks_6/rack_13/bay_2/level_4/slot_02,4
/scene/zones/Zone_A/racks_6/rack_13/bay_2/level_4/slot_03,4
/scene/zones/Zone_A/racks_6/rack_13/bay_2/level_5/slot_01,5
/scene/zones/Zone_A/racks_6/rack_13/bay_2/level_5/slot_02,4
/scene/zones/Zone_A/racks_6/rack_13/bay_2/level_5/slot_03,5
/scene/zones/Zone_A/racks_6/rack_13/bay_3/level_0/slot_01,3
/scene/zones/Zone_A/racks_6/rack_13/bay_3/level_0/slot_02,4
/scene/zones/Zone_A/racks_6/rack_13/bay_3/level_0/slot_03,2
/scene/zones/Zone_A/racks_6/rack_13/bay_3/level_1/slot_01,6
/scene/zones/Zone_A/racks_6/rack_13/bay_3/level_1/slot_02,5
/scene/zones/Zone_A/racks_6/rack_13/bay_3/level_1/slot_03,4
/scene/zones/Zone_A/racks_6/rack_13/bay_3/level_2/slot_01,5
/scene/zones/Zone_A/racks_6/rack_13/bay_3/level_2/slot_02,5
/scene/zones/Zone_A/racks_6/rack_13/bay_3/level_2/slot_03,5
/scene/zones/Zone_A/racks_6/rack_13/bay_3/level_3/slot_01,5
/scene/zones/Zone_A/racks_6/rack_13/bay_3/level_3/slot_02,5
/scene/zones/Zone_A/racks_6/rack_13/bay_3/level_3/slot_03,6
/scene/zones/Zone_A/racks_6/rack_13/bay_3/level_4/slot_01,4
/scene/zones/Zone_A/racks_6/rack_13/bay_3/level_4/slot_02,5
/scene/zones/Zone_A/racks_6/rack_13/bay_3/level_4/slot_03,4
/scene/zones/Zone_A/racks_6/rack_13/bay_3/level_5/slot_01,4
/scene/zones/Zone_A/racks_6/rack_13/bay_3/level_5/slot_02,6
/scene/zones/Zone_A/racks_6/rack_13/bay_3/level_5/slot_03,5
/scene/zones/Zone_A/racks_6/rack_14/bay_0/level_0/slot_01,3
/scene/zones/Zone_A/racks_6/rack_14/bay_0/level_0/slot_02,2
/scene/zones/Zone_A/racks_6/rack_14/bay_0/level_0/slot_03,3
/scene/zones/Zone_A/racks_6/rack_14/bay_0/level_1/slot_01,5
/scene/zones/Zone_A/racks_6/rack_14/bay_0/level_1/slot_02,6
/scene/zones/Zone_A/racks_6/rack_14/bay_0/level_1/slot_03,6
/scene/zones/Zone_A/racks_6/rack_14/bay_0/level_2/slot_01,6
/scene/zones/Zone_A/racks_6/rack_14/bay_0/level_2/slot_02,5
/scene/zones/Zone_A/racks_6/rack_14/bay_0/level_2/slot_03,6
/scene/zones/Zone_A/racks_6/rack_14/bay_0/level_3/slot_01,5
/scene/zones/Zone_A/racks_6/rack_14/bay_0/level_3/slot_02,4
/scene/zones/Zone_A/racks_6/rack_14/bay_0/level_3/slot_03,4
/scene/zones/Zone_A/racks_6/rack_14/bay_0/level_4/slot_01,5
/scene/zones/Zone_A/racks_6/rack_14/bay_0/level_4/slot_02,4
/scene/zones/Zone_A/racks_6/rack_14/bay_0/level_4/slot_03,4
/scene/zones/Zone_A/racks_6/rack_14/bay_0/level_5/slot_01,5
/scene/zones/Zone_A/racks_6/rack_14/bay_0/level_5/slot_02,5
/scene/zones/Zone_A/racks_6/rack_14/bay_0/level_5/slot_03,4
/scene/zones/Zone_A/racks_6/rack_14/bay_1/level_0/slot_01,2
/scene/zones/Zone_A/racks_6/rack_14/bay_1/level_0/slot_02,4
/scene/zones/Zone_A/racks_6/rack_14/bay_1/level_0/slot_03,3
/scene/zones/Zone_A/racks_6/rack_14/bay_1/level_1/slot_01,4
/scene/zones/Zone_A/racks_6/rack_14/bay_1/level_1/slot_02,6
/scene/zones/Zone_A/racks_6/rack_14/bay_1/level_1/slot_03,6
/scene/zones/Zone_A/racks_6/rack_14/bay_1/level_2/slot_01,4
/scene/zones/Zone_A/racks_6/rack_14/bay_1/level_2/slot_02,4
/scene/zones/Zone_A/racks_6/rack_14/bay_1/level_2/slot_03,6
/scene/zones/Zone_A/racks_6/rack_14/bay_1/level_3/slot_01,5
/scene/zones/Zone_A/racks_6/rack_14/bay_1/level_3/slot_02,6
/scene/zones/Zone_A/racks_6/rack_14/bay_1/level_3/slot_03,4
/scene/zones/Zone_A/racks_6/rack_14/bay_1/level_4/slot_01,4
/scene/zones/Zone_A/racks_6/rack_14/bay_1/level_4/slot_02,5
/scene/zones/Zone_A/racks_6/rack_14/bay_1/level_4/slot_03,5
/scene/zones/Zone_A/racks_6/rack_14/bay_1/level_5/slot_01,5
/scene/zones/Zone_A/racks_6/rack_14/bay_1/level_5/slot_02,5
/scene/zones/Zone_A/racks_6/rack_14/bay_1/level_5/slot_03,4
/scene/zones/Zone_A/racks_6/rack_14/bay_2/level_0/slot_01,3
/scene/zones/Zone_A/racks_6/rack_14/bay_2/level_0/slot_02,3
/scene/zones/Zone_A/racks_6/rack_14/bay_2/level_0/slot_03,3
/scene/zones/Zone_A/racks_6/rack_14/bay_2/level_1/slot_01,6
/scene/zones/Zone_A/racks_6/rack_14/bay_2/level_1/slot_02,5
/scene/zones/Zone_A/racks_6/rack_14/bay_2/level_1/slot_03,5
/scene/zones/Zone_A/racks_6/rack_14/bay_2/level_2/slot_01,4
/scene/zones/Zone_A/racks_6/rack_14/bay_2/level_2/slot_02,5
/scene/zones/Zone_A/racks_6/rack_14/bay_2/level_2/slot_03,5
/scene/zones/Zone_A/racks_6/rack_14/bay_2/level_3/slot_01,5
/scene/zones/Zone_A/racks_6/rack_14/bay_2/level_3/slot_02,5
/scene/zones/Zone_A/racks_6/rack_14/bay_2/level_3/slot_03,5
/scene/zones/Zone_A/racks_6/rack_14/bay_2/level_4/slot_01,4
/scene/zones/Zone_A/racks_6/rack_14/bay_2/level_4/slot_02,6
/scene/zones/Zone_A/racks_6/rack_14/bay_2/level_4/slot_03,4
/scene/zones/Zone_A/racks_6/rack_14/bay_2/level_5/slot_01,5
/scene/zones/Zone_A/racks_6/rack_14/bay_2/level_5/slot_02,6
/scene/zones/Zone_A/racks_6/rack_14/bay_2/level_5/slot_03,4
/scene/zones/Zone_A/racks_6/rack_14/bay_3/level_0/slot_01,3
/scene/zones/Zone_A/racks_6/rack_14/bay_3/level_0/slot_02,3
/scene/zones/Zone_A/racks_6/rack_14/bay_3/level_0/slot_03,4
/scene/zones/Zone_A/racks_6/rack_14/bay_3/level_1/slot_01,5
/scene/zones/Zone_A/racks_6/rack_14/bay_3/level_1/slot_02,5
/scene/zones/Zone_A/racks_6/rack_14/bay_3/level_1/slot_03,4
/scene/zones/Zone_A/racks_6/rack_14/bay_3/level_2/slot_01,4
/scene/zones/Zone_A/racks_6/rack_14/bay_3/level_2/slot_02,5
/scene/zones/Zone_A/racks_6/rack_14/bay_3/level_2/slot_03,5
/scene/zones/Zone_A/racks_6/rack_14/bay_3/level_3/slot_01,5
/scene/zones/Zone_A/racks_6/rack_14/bay_3/level_3/slot_02,4
/scene/zones/Zone_A/racks_6/rack_14/bay_3/level_3/slot_03,5
/scene/zones/Zone_A/racks_6/rack_14/bay_3/level_4/slot_01,5
/scene/zones/Zone_A/racks_6/rack_14/bay_3/level_4/slot_02,4
/scene/zones/Zone_A/racks_6/rack_14/bay_3/level_4/slot_03,4
/scene/zones/Zone_A/racks_6/rack_14/bay_3/level_5/slot_01,4
/scene/zones/Zone_A/racks_6/rack_14/bay_3/level_5/slot_02,4
/scene/zones/Zone_A/racks_6/rack_14/bay_3/level_5/slot_03,5
/scene/zones/Zone_A/racks_7/rack_15/bay_0/level_0/slot_01,3
/scene/zones/Zone_A/racks_7/rack_15/bay_0/level_0/slot_02,3
/scene/zones/Zone_A/racks_7/rack_15/bay_0/level_0/slot_03,2
/scene/zones/Zone_A/racks_7/rack_15/bay_0/level_1/slot_01,5
/scene/zones/Zone_A/racks_7/rack_15/bay_0/level_1/slot_02,5
/scene/zones/Zone_A/racks_7/rack_15/bay_0/level_1/slot_03,5
/scene/zones/Zone_A/racks_7/rack_15/bay_0/level_2/slot_01,5
/scene/zones/Zone_A/racks_7/rack_15/bay_0/level_2/slot_02,6
/scene/zones/Zone_A/racks_7/rack_15/bay_0/level_2/slot_03,5
/scene/zones/Zone_A/racks_7/rack_15/bay_0/level_3/slot_01,6
/scene/zones/Zone_A/racks_7/rack_15/bay_0/level_3/slot_02,4
/scene/zones/Zone_A/racks_7/rack_15/bay_0/level_3/slot_03,4
/scene/zones/Zone_A/racks_7/rack_15/bay_0/level_4/slot_01,4
/scene/zones/Zone_A/racks_7/rack_15/bay_0/level_4/slot_02,6
/scene/zones/Zone_A/racks_7/rack_15/bay_0/level_4/slot_03,5
/scene/zones/Zone_A/racks_7/rack_15/bay_0/level_5/slot_01,4
/scene/zones/Zone_A/racks_7/rack_15/bay_0/level_5/slot_02,5
/scene/zones/Zone_A/racks_7/rack_15/bay_0/level_5/slot_03,5
/scene/zones/Zone_A/racks_7/rack_15/bay_1/level_0/slot_01,3
/scene/zones/Zone_A/racks_7/rack_15/bay_1/level_0/slot_02,4
/scene/zones/Zone_A/racks_7/rack_15/bay_1/level_0/slot_03,4
/scene/zones/Zone_A/racks_7/rack_15/bay_1/level_1/slot_01,4
/scene/zones/Zone_A/racks_7/rack_15/bay_1/level_1/slot_02,5
/scene/zones/Zone_A/racks_7/rack_15/bay_1/level_1/slot_03,6
/scene/zones/Zone_A/racks_7/rack_15/bay_1/level_2/slot_01,6
/scene/zones/Zone_A/racks_7/rack_15/bay_1/level_2/slot_02,5
/scene/zones/Zone_A/racks_7/rack_15/bay_1/level_2/slot_03,5
/scene/zones/Zone_A/racks_7/rack_15/bay_1/level_3/slot_01,4
/scene/zones/Zone_A/racks_7/rack_15/bay_1/level_3/slot_02,4
/scene/zones/Zone_A/racks_7/rack_15/bay_1/level_3/slot_03,5
/scene/zones/Zone_A/racks_7/rack_15/bay_1/level_4/slot_01,5
/scene/zones/Zone_A/racks_7/rack_15/bay_1/level_4/slot_02,5
/scene/zones/Zone_A/racks_7/rack_15/bay_1/level_4/slot_03,4
/scene/zones/Zone_A/racks_7/rack_15/bay_1/level_5/slot_01,6
/scene/zones/Zone_A/racks_7/rack_15/bay_1/level_5/slot_02,4
/scene/zones/Zone_A/racks_7/rack_15/bay_1/level_5/slot_03,5
/scene/zones/Zone_A/racks_7/rack_15/bay_2/level_0/slot_01,2
/scene/zones/Zone_A/racks_7/rack_15/bay_2/level_0/slot_02,3
/scene/zones/Zone_A/racks_7/rack_15/bay_2/level_0/slot_03,2
/scene/zones/Zone_A/racks_7/rack_15/bay_2/level_1/slot_01,5
/scene/zones/Zone_A/racks_7/rack_15/bay_2/level_1/slot_02,5
/scene/zones/Zone_A/racks_7/rack_15/bay_2/level_1/slot_03,5
/scene/zones/Zone_A/racks_7/rack_15/bay_2/level_2/slot_01,4
/scene/zones/Zone_A/racks_7/rack_15/bay_2/level_2/slot_02,4
/scene/zones/Zone_A/racks_7/rack_15/bay_2/level_2/slot_03,6
/scene/zones/Zone_A/racks_7/rack_15/bay_2/level_3/slot_01,4
/scene/zones/Zone_A/racks_7/rack_15/bay_2/level_3/slot_02,6
/scene/zones/Zone_A/racks_7/rack_15/bay_2/level_3/slot_03,4
/scene/zones/Zone_A/racks_7/rack_15/bay_2/level_4/slot_01,4
/scene/zones/Zone_A/racks_7/rack_15/bay_2/level_4/slot_02,6
/scene/zones/Zone_A/racks_7/rack_15/bay_2/level_4/slot_03,4
/scene/zones/Zone_A/racks_7/rack_15/bay_2/level_5/slot_01,6
/scene/zones/Zone_A/racks_7/rack_15/bay_2/level_5/slot_02,5
/scene/zones/Zone_A/racks_7/rack_15/bay_2/level_5/slot_03,4
/scene/zones/Zone_A/racks_7/rack_15/bay_3/level_0/slot_01,2
/scene/zones/Zone_A/racks_7/rack_15/bay_3/level_0/slot_02,3
/scene/zones/Zone_A/racks_7/rack_15/bay_3/level_0/slot_03,3
/scene/zones/Zone_A/racks_7/rack_15/bay_3/level_1/slot_01,5
/scene/zones/Zone_A/racks_7/rack_15/bay_3/level_1/slot_02,5
/scene/zones/Zone_A/racks_7/rack_15/bay_3/level_1/slot_03,6
/scene/zones/Zone_A/racks_7/rack_15/bay_3/level_2/slot_01,4
/scene/zones/Zone_A/racks_7/rack_15/bay_3/level_2/slot_02,5
/scene/zones/Zone_A/racks_7/rack_15/bay_3/level_2/slot_03,5
/scene/zones/Zone_A/racks_7/rack_15/bay_3/level_3/slot_01,5
/scene/zones/Zone_A/racks_7/rack_15/bay_3/level_3/slot_02,5
/scene/zones/Zone_A/racks_7/rack_15/bay_3/level_3/slot_03,4
/scene/zones/Zone_A/racks_7/rack_15/bay_3/level_4/slot_01,5
/scene/zones/Zone_A/racks_7/rack_15/bay_3/level_4/slot_02,4
/scene/zones/Zone_A/racks_7/rack_15/bay_3/level_4/slot_03,6
/scene/zones/Zone_A/racks_7/rack_15/bay_3/level_5/slot_01,4
/scene/zones/Zone_A/racks_7/rack_15/bay_3/level_5/slot_02,6
/scene/zones/Zone_A/racks_7/rack_15/bay_3/level_5/slot_03,5
/scene/zones/Zone_A/racks_7/rack_16/bay_0/level_0/slot_01,2
/scene/zones/Zone_A/racks_7/rack_16/bay_0/level_0/slot_02,4
/scene/zones/Zone_A/racks_7/rack_16/bay_0/level_0/slot_03,3
/scene/zones/Zone_A/racks_7/rack_16/bay_0/level_1/slot_01,5
/scene/zones/Zone_A/racks_7/rack_16/bay_0/level_1/slot_02,6
/scene/zones/Zone_A/racks_7/rack_16/bay_0/level_1/slot_03,5
/scene/zones/Zone_A/racks_7/rack_16/bay_0/level_2/slot_01,6
/scene/zones/Zone_A/racks_7/rack_16/bay_0/level_2/slot_02,5
/scene/zones/Zone_A/racks_7/rack_16/bay_0/level_2/slot_03,5
/scene/zones/Zone_A/racks_7/rack_16/bay_0/level_3/slot_01,4
/scene/zones/Zone_A/racks_7/rack_16/bay_0/level_3/slot_02,5
/scene/zones/Zone_A/racks_7/rack_16/bay_0/level_3/slot_03,4
/scene/zones/Zone_A/racks_7/rack_16/bay_0/level_4/slot_01,4
/scene/zones/Zone_A/racks_7/rack_16/bay_0/level_4/slot_02,4
/scene/zones/Zone_A/racks_7/rack_16/bay_0/level_4/slot_03,6
/scene/zones/Zone_A/racks_7/rack_16/bay_0/level_5/slot_01,4
/scene/zones/Zone_A/racks_7/rack_16/bay_0/level_5/slot_02,5
/scene/zones/Zone_A/racks_7/rack_16/bay_0/level_5/slot_03,5
/scene/zones/Zone_A/racks_7/rack_16/bay_1/level_0/slot_01,3
/scene/zones/Zone_A/racks_7/rack_16/bay_1/level_0/slot_02,3
/scene/zones/Zone_A/racks_7/rack_16/bay_1/level_0/slot_03,4
/scene/zones/Zone_A/racks_7/rack_16/bay_1/level_1/slot_01,4
/scene/zones/Zone_A/racks_7/rack_16/bay_1/level_1/slot_02,6
/scene/zones/Zone_A/racks_7/rack_16/bay_1/level_1/slot_03,4
/scene/zones/Zone_A/racks_7/rack_16/bay_1/level_2/slot_01,4
/scene/zones/Zone_A/racks_7/rack_16/bay_1/level_2/slot_02,5
/scene/zones/Zone_A/racks_7/rack_16/bay_1/level_2/slot_03,5
/scene/zones/Zone_A/racks_7/rack_16/bay_1/level_3/slot_01,4
/scene/zones/Zone_A/racks_7/rack_16/bay_1/level_3/slot_02,4
/scene/zones/Zone_A/racks_7/rack_16/bay_1/level_3/slot_03,5
/scene/zones/Zone_A/racks_7/rack_16/bay_1/level_4/slot_01,4
/scene/zones/Zone_A/racks_7/rack_16/bay_1/level_4/slot_02,5
/scene/zones/Zone_A/racks_7/rack_16/bay_1/level_4/slot_03,5
/scene/zones/Zone_A/racks_7/rack_16/bay_1/level_5/slot_01,4
/scene/zones/Zone_A/racks_7/rack_16/bay_1/level_5/slot_02,6
/scene/zones/Zone_A/racks_7/rack_16/bay_1/level_5/slot_03,5
/scene/zones/Zone_A/racks_7/rack_16/bay_2/level_0/slot_01,3
/scene/zones/Zone_A/racks_7/rack_16/bay_2/level_0/slot_02,3
/scene/zones/Zone_A/racks_7/rack_16/bay_2/level_0/slot_03,2
/scene/zones/Zone_A/racks_7/rack_16/bay_2/level_1/slot_01,4
/scene/zones/Zone_A/racks_7/rack_16/bay_2/level_1/slot_02,5
/scene/zones/Zone_A/racks_7/rack_16/bay_2/level_1/slot_03,5
/scene/zones/Zone_A/racks_7/rack_16/bay_2/level_2/slot_01,4
/scene/zones/Zone_A/racks_7/rack_16/bay_2/level_2/slot_02,6
/scene/zones/Zone_A/racks_7/rack_16/bay_2/level_2/slot_03,5
/scene/zones/Zone_A/racks_7/rack_16/bay_2/level_3/slot_01,5
/scene/zones/Zone_A/racks_7/rack_16/bay_2/level_3/slot_02,6
/scene/zones/Zone_A/racks_7/rack_16/bay_2/level_3/slot_03,5
/scene/zones/Zone_A/racks_7/rack_16/bay_2/level_4/slot_01,5
/scene/zones/Zone_A/racks_7/rack_16/bay_2/level_4/slot_02,4
/scene/zones/Zone_A/racks_7/rack_16/bay_2/level_4/slot_03,5
/scene/zones/Zone_A/racks_7/rack_16/bay_2/level_5/slot_01,5
/scene/zones/Zone_A/racks_7/rack_16/bay_2/level_5/slot_02,6
/scene/zones/Zone_A/racks_7/rack_16/bay_2/level_5/slot_03,5
/scene/zones/Zone_A/racks_7/rack_16/bay_3/level_0/slot_01,4
/scene/zones/Zone_A/racks_7/rack_16/bay_3/level_0/slot_02,4
/scene/zones/Zone_A/racks_7/rack_16/bay_3/level_0/slot_03,3
/scene/zones/Zone_A/racks_7/rack_16/bay_3/level_1/slot_01,4
/scene/zones/Zone_A/racks_7/rack_16/bay_3/level_1/slot_02,6
/scene/zones/Zone_A/racks_7/rack_16/bay_3/level_1/slot_03,4
/scene/zones/Zone_A/racks_7/rack_16/bay_3/level_2/slot_01,5
/scene/zones/Zone_A/racks_7/rack_16/bay_3/level_2/slot_02,6
/scene/zones/Zone_A/racks_7/rack_16/bay_3/level_2/slot_03,5
/scene/zones/Zone_A/racks_7/rack_16/bay_3/level_3/slot_01,5
/scene/zones/Zone_A/racks_7/rack_16/bay_3/level_3/slot_02,5
/scene/zones/Zone_A/racks_7/rack_16/bay_3/level_3/slot_03,5
/scene/zones/Zone_A/racks_7/rack_16/bay_3/level_4/slot_01,4
/scene/zones/Zone_A/racks_7/rack_16/bay_3/level_4/slot_02,5
/scene/zones/Zone_A/racks_7/rack_16/bay_3/level_4/slot_03,6
/scene/zones/Zone_A/racks_7/rack_16/bay_3/level_5/slot_01,5
/scene/zones/Zone_A/racks_7/rack_16/bay_3/level_5/slot_02,6
/scene/zones/Zone_A/racks_7/rack_16/bay_3/level_5/slot_03,5
